factory_fid,permit_status,issue_date,permit_no,created_at
00120000225389,ดำเนินการ,1995-09-25,,2026-08-08 05:32:15.261569+00
00120000425336,ดำเนินการ,1993-03-30,,2026-08-08 05:32:15.261569+00
00120100125364,ดำเนินการ,1993-09-29,,2026-08-08 05:32:14.531576+00
00120100125380,ดำเนินการ,1995-06-02,,2026-08-08 05:32:15.261569+00
00120200125371,ดำเนินการ,1994-04-27,,2026-08-08 05:32:15.261569+00
00120200125389,ดำเนินการ,1995-03-22,,2026-08-08 05:32:15.261569+00
00120400125353,ดำเนินการ,1995-01-10,,2026-08-08 05:32:15.261569+00
00120500125352,ดำเนินการ,1994-12-29,,2026-08-08 05:32:15.261569+00
00430000125327,ดำเนินการ,1993-07-07,,2026-08-08 05:32:14.531576+00
00810000125387,ดำเนินการ,1995-02-23,,2026-08-08 05:32:14.531576+00
10100000125316,ดำเนินการ,1994-11-21,,2026-07-23 05:40:17.785631+00
10100000125514,ดำเนินการ,2008-01-17,,2026-07-23 05:40:46.621121+00
10100000125571,ดำเนินการ,2014-01-07,,2026-07-23 05:41:18.135551+00
10100000525614,ดำเนินการ,2018-09-17,,2026-08-05 05:22:22.787453+00
10100001025408,ดำเนินการ,1997-10-01,,2026-07-26 05:46:55.529241+00
10100001125588,ดำเนินการ,2015-03-09,,2026-07-26 05:46:49.15336+00
10100001225313,ดำเนินการ,1994-01-11,,2026-07-26 05:47:20.205583+00
10100001225354,ดำเนินการ,1995-01-01,,2026-07-23 05:41:07.681776+00
10100001325584,ดำเนินการ,2015-03-09,,2026-07-23 05:40:49.032225+00
10100001425269,ดำเนินการ,1993-09-02,,2026-07-23 05:40:51.950388+00
10100001425582,ดำเนินการ,2015-03-09,,2026-08-05 05:22:20.338761+00
10100001525472,ดำเนินการ,2004-12-27,,2026-07-23 05:40:19.138184+00
10100001825278,ดำเนินการ,1993-06-16,,2026-07-26 05:47:29.674868+00
10100001925276,ดำเนินการ,1993-02-10,,2026-08-07 03:27:53.382774+00
10100002125405,ดำเนินการ,1997-10-03,,2026-07-23 05:41:04.164181+00
10100002225593,ดำเนินการ,2016-07-22,,2026-07-23 05:40:19.138184+00
10100002325294,ดำเนินการ,1995-01-01,,2026-07-23 05:40:52.34303+00
10100002625529,ดำเนินการ,2009-11-25,,2026-07-23 05:41:04.164181+00
10100003225535,ดำเนินการ,2010-07-28,,2026-07-26 05:47:10.423795+00
10100004025504,ดำเนินการ,2007-11-13,,2026-07-23 05:40:55.049572+00
10100004125262,ดำเนินการ,1995-01-01,,2026-07-26 05:47:21.979287+00
10100004325474,ดำเนินการ,2004-07-07,,2026-07-26 05:47:11.768738+00
10100004525685,ได้รับใบอนุญาต,2025-01-06,,2026-07-23 05:41:42.639376+00
10100004625477,ดำเนินการ,2004-07-14,,2026-07-23 05:40:49.032225+00
10100004625485,หยุดดำเนินการ,2005-07-08,,2026-07-26 05:47:10.423795+00
10100004725236,ดำเนินการ,1995-01-01,,2026-07-23 05:41:08.099553+00
10100005325473,ดำเนินการ,2004-12-22,,2026-07-23 05:41:04.164181+00
10100005325549,ดำเนินการ,2011-09-19,,2026-08-08 05:31:12.001037+00
10100005425612,ได้รับใบอนุญาต,2018-05-01,,2026-07-26 05:47:48.059247+00
10100005725359,ดำเนินการ,1995-01-01,,2026-07-23 05:41:08.099553+00
10100006225276,ดำเนินการ,1993-05-26,,2026-07-23 05:41:20.151062+00
10100006225391,ดำเนินการ,1996-07-24,,2026-07-23 05:41:40.418942+00
10100006325381,ดำเนินการ,1995-09-19,,2026-07-26 05:47:45.842517+00
10100006525428,ดำเนินการ,1999-06-15,,2026-07-23 05:41:40.418942+00
10100008825594,ดำเนินการ,2016-11-18,,2026-07-26 05:47:48.519046+00
10100009125689,ดำเนินการ,2025-01-15,,2026-07-23 05:41:41.977254+00
10100018425401,ดำเนินการ,1997-11-18,,2026-07-26 05:47:46.72026+00
10100024525632,ดำเนินการ,2020-02-05,,2026-07-23 05:41:41.977254+00
10100059225660,ดำเนินการ,2023-04-11,,2026-07-23 05:41:42.215973+00
10100061725657,ดำเนินการ,2022-04-07,,2026-07-23 05:41:42.215973+00
10100091025656,ดำเนินการ,2022-05-27,,2026-07-26 05:47:48.059247+00
10100100125505,ได้รับใบอนุญาต,2007-04-10,,2026-07-26 05:46:51.826981+00
10100100625124,ดำเนินการ,1993-05-28,,2026-07-26 05:47:07.043508+00
10100100625397,ดำเนินการ,1996-09-17,,2026-07-23 05:41:06.432042+00
10100100725338,หยุดดำเนินการ,1996-01-01,,2026-07-26 05:47:11.316778+00
10100100725494,ดำเนินการ,2006-11-30,,2026-07-23 05:41:28.201672+00
10100100725577,ดำเนินการ,2014-07-02,,2026-07-26 05:47:23.338574+00
10100101025514,ดำเนินการ,2008-06-11,,2026-07-26 05:47:23.338574+00
10100101125561,ดำเนินการ,2013-10-31,,2026-07-26 05:47:17.945996+00
10100101225189,ดำเนินการ,1975-06-20,,2026-07-26 05:47:21.979287+00
10100102225592,ดำเนินการ,2016-05-16,,2026-07-26 05:47:47.620747+00
10100103025157,ดำเนินการ,1993-09-17,,2026-08-08 05:31:09.351832+00
10100103725475,ดำเนินการ,2004-05-31,,2026-07-26 05:47:10.423795+00
10100104725524,ดำเนินการ,2009-12-22,,2026-07-26 05:47:40.002653+00
10100119325666,ดำเนินการ,2023-07-26,,2026-07-26 05:47:48.059247+00
10100123325488,ดำเนินการ,2005-08-02,,2026-07-23 05:41:41.102926+00
10100160725673,ดำเนินการ,2024-09-12,,2026-07-26 05:47:48.059247+00
10100183325683,ดำเนินการ,2025-10-14,,2026-07-23 05:41:42.215973+00
10100199525672,ดำเนินการ,2024-10-29,,2026-07-23 05:41:09.853018+00
10100200225544,ดำเนินการ,2011-02-25,,2026-07-26 05:47:22.900455+00
10100200325336,ดำเนินการ,1993-08-26,,2026-07-26 05:46:55.084486+00
10100200425151,ดำเนินการ,1995-01-01,,2026-07-26 05:47:17.474216+00
10100200525414,ดำเนินการ,1998-07-06,,2026-07-26 05:47:12.205583+00
10100201025273,ดำเนินการ,1993-05-31,,2026-08-07 03:28:01.688571+00
10100201025356,ดำเนินการ,1993-05-28,,2026-07-23 05:41:07.681776+00
10100202425472,ดำเนินการ,2004-08-30,,2026-07-23 05:41:20.151062+00
10100208125530,ดำเนินการ,2010-05-31,,2026-07-23 05:41:40.855078+00
10100297525640,ดำเนินการ,2021-05-07,,2026-07-26 05:47:38.625025+00
10100300425432,ดำเนินการ,2000-06-06,,2026-07-26 05:47:09.98201+00
10100300625288,ดำเนินการ,1994-02-23,,2026-07-26 05:47:08.618182+00
10100301125320,ดำเนินการ,1989-09-04,,2026-07-23 05:41:09.853018+00
10100400425282,ดำเนินการ,1994-01-01,,2026-07-26 05:47:08.618182+00
10100500125451,หยุดดำเนินการ,2002-03-26,,2026-08-05 05:22:24.884316+00
10100600225334,ดำเนินการ,1990-10-17,,2026-08-07 03:28:02.410975+00
10100700225390,ดำเนินการ,1996-02-26,,2026-07-26 05:47:19.762328+00
10100900125382,ดำเนินการ,1995-06-05,,2026-07-23 05:41:09.853018+00
10101000325419,ดำเนินการ,1998-10-14,,2026-07-26 05:47:39.093037+00
10101100425416,ดำเนินการ,1998-11-09,,2026-07-26 05:47:47.171297+00
10101200125460,ดำเนินการ,2003-01-03,,2026-08-07 03:27:54.235402+00
10101300125337,ดำเนินการ,1993-08-17,,2026-07-26 05:47:20.652433+00
10101300225434,ดำเนินการ,2000-11-13,,2026-07-26 05:47:38.625025+00
10101400125427,ดำเนินการ,1999-11-12,,2026-07-23 05:41:06.432042+00
10102100125337,ดำเนินการ,1990-06-28,,2026-07-23 05:41:33.750328+00
10110000825534,ดำเนินการ,2010-02-25,,2026-08-07 03:28:01.255579+00
10110003025629,ดำเนินการ,2019-01-03,,2026-07-23 05:41:42.639376+00
10110015525483,ดำเนินการ,2005-11-18,,2026-07-26 05:47:48.519046+00
10110033625695,ได้รับใบอนุญาต,2026-02-13,,2026-07-23 05:41:18.135551+00
10110043425680,ดำเนินการ,2025-03-04,,2026-07-26 05:46:57.287913+00
10110047425678,ดำเนินการ,2024-03-22,,2026-07-23 05:41:41.977254+00
10110072625655,ดำเนินการ,2022-04-28,,2026-07-26 05:47:48.059247+00
10110086525669,ดำเนินการ,2023-05-31,,2026-08-07 03:28:33.735237+00
10110094325680,ดำเนินการ,2025-05-16,,2026-07-26 05:47:40.885103+00
10110100225338,ดำเนินการ,1995-03-02,,2026-07-23 05:40:51.162059+00
10110100425227,ดำเนินการ,1994-12-26,,2026-07-23 05:41:23.007385+00
10110200225220,ดำเนินการ,1994-09-05,,2026-07-26 05:47:03.956898+00
10110251325630,ดำเนินการ,2020-11-18,,2026-07-26 05:47:48.519046+00
10110300125270,ดำเนินการ,1993-11-22,,2026-08-05 05:22:20.338761+00
10110300225237,ดำเนินการ,1995-11-24,,2026-08-07 03:27:42.911241+00
10110400125261,ดำเนินการ,1994-01-26,,2026-08-07 03:27:52.107167+00
10110400625328,ดำเนินการ,1993-07-05,,2026-07-23 05:41:32.272699+00
10111600125184,ดำเนินการ,1993-08-27,,2026-07-23 05:41:30.248611+00
10120000125157,ดำเนินการ,1966-06-17,,2026-07-23 05:40:18.700497+00
10120000125553,ดำเนินการ,2012-01-06,,2026-08-07 03:27:57.026309+00
10120000125603,ดำเนินการ,2017-07-14,,2026-07-23 05:41:41.534966+00
10120000425243,ดำเนินการ,1993-03-08,,2026-07-23 05:41:16.870502+00
10120000425540,ดำเนินการ,2011-06-24,,2026-07-23 05:41:41.534966+00
10120000525547,ดำเนินการ,2011-08-03,,2026-07-26 05:47:38.625025+00
10120000725543,ได้รับใบอนุญาต,2011-12-28,,2026-07-23 05:41:14.357071+00
10120000825269,ดำเนินการ,1995-01-20,,2026-07-26 05:47:02.567971+00
10120002625584,ดำเนินการ,2015-02-24,,2026-08-07 03:28:05.170255+00
10120002825523,ดำเนินการ,2009-10-07,,2026-07-26 05:47:40.002653+00
10120005125616,ดำเนินการ,2018-10-31,,2026-08-05 05:22:20.338761+00
10120005225606,ดำเนินการ,2017-05-22,,2026-08-07 03:28:32.853568+00
10120005725613,ดำเนินการ,2018-12-13,,2026-07-26 05:47:20.205583+00
10120073225694,ได้รับใบอนุญาต,2026-03-27,,2026-08-07 03:28:33.735237+00
10120099925673,ดำเนินการ,2024-06-13,,2026-07-23 05:41:43.038087+00
10120100125420,ดำเนินการ,1999-08-16,,2026-07-26 05:46:48.670985+00
10120100125453,ดำเนินการ,2002-03-22,,2026-07-23 05:40:50.682197+00
10120100225139,ดำเนินการ,1993-11-24,,2026-07-23 05:40:57.083497+00
10120153325661,ได้รับใบอนุญาต,2023-09-27,,2026-07-23 05:41:43.038087+00
10120200125429,ดำเนินการ,1999-10-11,,2026-07-26 05:47:40.002653+00
10120200225302,ดำเนินการ,1987-08-28,,2026-07-23 05:41:28.621425+00
10120200225336,ดำเนินการ,1993-03-08,,2026-07-23 05:41:41.534966+00
10120200225344,ดำเนินการ,1994-02-17,,2026-07-23 05:41:32.272699+00
10120300125352,ดำเนินการ,1993-04-30,,2026-07-23 05:41:04.572342+00
10120300125469,ดำเนินการ,2003-07-11,,2026-07-23 05:41:04.572342+00
10120400125286,ดำเนินการ,1993-12-24,,2026-07-23 05:41:26.938851+00
10120400125351,ดำเนินการ,1993-04-09,,2026-07-26 05:47:17.009328+00
10120500125236,ดำเนินการ,1994-07-04,,2026-07-23 05:41:29.043073+00
10120500125293,ดำเนินการ,1995-04-19,,2026-07-23 05:41:08.504569+00
10120500125467,ดำเนินการ,2003-11-10,,2026-07-23 05:41:14.357071+00
10120700125325,ดำเนินการ,1995-01-23,,2026-07-26 05:47:35.516233+00
10130000125339,หยุดดำเนินการ,1993-06-07,,2026-07-23 05:40:49.875794+00
10130000225592,ดำเนินการ,2016-02-25,,2026-07-26 05:46:39.488743+00
10130000525330,ดำเนินการ,1993-02-09,,2026-07-23 05:41:13.554404+00
10130000525488,ดำเนินการ,2005-01-20,,2026-07-23 05:41:23.007385+00
10130000625320,ดำเนินการ,1994-10-31,,2026-07-26 05:47:16.088262+00
10130000625528,ดำเนินการ,2009-09-21,,2026-07-26 05:46:42.14801+00
10130001025538,ดำเนินการ,2010-11-03,,2026-07-26 05:46:14.288033+00
10130002525478,ดำเนินการ,2004-11-16,,2026-07-23 05:41:29.461816+00
10130002625567,ดำเนินการ,2013-09-20,,2026-07-26 05:47:47.620747+00
10130002725599,ดำเนินการ,2016-07-25,,2026-07-23 05:41:43.038087+00
10130003025619,ดำเนินการ,2018-07-31,,2026-07-26 05:47:40.885103+00
10130003425546,ดำเนินการ,2011-09-14,,2026-07-23 05:41:32.674333+00
10130004125491,ดำเนินการ,2006-11-17,,2026-07-23 05:41:29.85172+00
10130005625473,ดำเนินการ,2004-06-23,,2026-07-23 05:41:42.215973+00
10130007925558,ดำเนินการ,2012-11-30,,2026-07-23 05:40:41.659441+00
10130009325682,ดำเนินการ,2025-01-16,,2026-07-26 05:47:48.519046+00
10130072325676,ดำเนินการ,2024-05-02,,2026-07-26 05:47:09.98201+00
10130100125353,หยุดดำเนินการ,1995-01-09,,2026-07-23 05:40:50.264711+00
10130100225203,ดำเนินการ,1995-01-26,,2026-07-23 05:41:26.938851+00
10130100325342,ดำเนินการ,1994-04-18,,2026-07-23 05:41:15.195425+00
10130104525483,ดำเนินการ,2005-12-26,,2026-07-23 05:41:20.989913+00
10130154125671,ดำเนินการ,2024-09-03,,2026-07-26 05:47:16.539845+00
10130269825645,ดำเนินการ,2021-04-09,,2026-07-26 05:47:48.059247+00
10130300125278,ดำเนินการ,1998-10-16,,2026-07-26 05:47:09.515543+00
10130300125377,ดำเนินการ,1994-06-22,,2026-07-26 05:47:34.195383+00
10130364725641,ดำเนินการ,2021-07-02,,2026-07-23 05:41:43.038087+00
10130400125400,ดำเนินการ,1997-03-10,,2026-07-26 05:47:07.477013+00
10130500125342,ดำเนินการ,1993-04-02,,2026-07-23 05:41:14.789479+00
10130500125359,ดำเนินการ,1995-04-17,,2026-07-26 05:47:10.869006+00
10130500125458,ดำเนินการ,2002-12-06,,2026-07-26 05:47:47.620747+00
10130800125281,ดำเนินการ,1994-05-30,,2026-07-23 05:41:28.621425+00
10130800125364,ดำเนินการ,1993-02-09,,2026-07-23 05:41:32.272699+00
10131000125345,ดำเนินการ,1994-04-22,,2026-07-23 05:41:29.043073+00
10131300125342,ดำเนินการ,1994-05-16,,2026-07-26 05:47:37.743052+00
10132000125327,ดำเนินการ,1995-04-20,,2026-07-23 05:41:41.534966+00
10140000125213,ดำเนินการ,1993-07-05,,2026-07-23 05:41:01.917732+00
10140000125460,ดำเนินการ,2003-10-27,,2026-08-05 05:21:41.330583+00
10140000225278,ดำเนินการ,1993-03-15,,2026-08-08 05:30:41.646052+00
10140000225476,ดำเนินการ,2004-01-15,,2026-07-26 05:47:06.613937+00
10140000325284,ดำเนินการ,1994-12-19,,2026-07-26 05:46:58.641457+00
10140000725509,ดำเนินการ,2007-10-03,,2026-07-23 05:41:30.648703+00
10140000925158,ดำเนินการ,1993-05-18,,2026-07-23 05:40:40.828473+00
10140000925521,ดำเนินการ,2009-07-30,,2026-07-26 05:47:20.652433+00
10140001025511,ดำเนินการ,2008-05-12,,2026-07-23 05:41:17.292583+00
10140001125188,ดำเนินการ,1993-03-19,,2026-07-23 05:41:25.728938+00
10140001225228,ดำเนินการ,1994-05-16,,2026-07-23 05:40:40.828473+00
10140001225236,หยุดดำเนินการ,1995-05-30,,2026-07-26 05:46:40.397587+00
10140001425158,ดำเนินการ,1993-07-30,,2026-07-26 05:46:59.113113+00
10140001525155,ดำเนินการ,1993-03-26,,2026-07-23 05:40:58.134854+00
10140001725565,ดำเนินการ,2013-08-16,,2026-07-26 05:47:21.102293+00
10140001825514,ดำเนินการ,2008-03-11,,2026-07-23 05:40:17.332982+00
10140001925553,ดำเนินการ,2012-03-20,,2026-07-23 05:40:17.332982+00
10140002325548,ดำเนินการ,2011-05-18,,2026-07-26 05:46:40.833516+00
10140002825471,ดำเนินการ,2004-06-22,,2026-07-23 05:41:04.572342+00
10140002825505,ดำเนินการ,2007-09-06,,2026-07-26 05:47:37.297154+00
10140002925487,ดำเนินการ,2005-08-30,,2026-07-26 05:47:24.26151+00
10140003025477,ดำเนินการ,2004-06-11,,2026-07-26 05:47:11.768738+00
10140003125475,ดำเนินการ,2004-06-11,,2026-07-26 05:47:11.768738+00
10140004425502,ดำเนินการ,2007-08-24,,2026-08-08 05:31:10.771494+00
10140004825487,ดำเนินการ,2005-06-23,,2026-07-23 05:41:42.215973+00
10140004925519,ดำเนินการ,2008-09-04,,2026-08-08 05:31:10.771494+00
10140005525581,ดำเนินการ,2015-08-28,,2026-07-23 05:40:17.785631+00
10140005725470,ดำเนินการ,2004-05-25,,2026-07-23 05:41:23.007385+00
10140005925484,ดำเนินการ,2005-07-01,,2026-07-23 05:41:42.215973+00
10140006125472,ดำเนินการ,2004-07-14,,2026-07-23 05:41:42.215973+00
10140006425500,ดำเนินการ,2007-05-24,,2026-07-23 05:41:13.961752+00
10140006825477,ดำเนินการ,2004-08-05,,2026-07-26 05:47:48.059247+00
10140007025481,ดำเนินการ,2005-07-25,,2026-07-23 05:41:42.215973+00
10140007225677,ดำเนินการ,2024-01-17,,2026-07-26 05:47:06.182641+00
10140007425616,ดำเนินการ,2018-12-26,,2026-07-26 05:47:49.428849+00
10140007925474,ดำเนินการ,2004-08-30,,2026-07-26 05:47:48.059247+00
10140008525497,ดำเนินการ,2006-10-13,,2026-07-23 05:41:42.639376+00
10140008625487,ดำเนินการ,2005-05-27,,2026-08-08 05:30:43.475006+00
10140008825574,ดำเนินการ,2014-05-23,,2026-07-23 05:41:40.855078+00
10140009725484,ดำเนินการ,2005-09-07,,2026-07-26 05:47:48.519046+00
10140009925472,ดำเนินการ,2004-09-28,,2026-08-07 03:28:33.28673+00
10140010025585,ได้รับใบอนุญาต,2015-12-30,,2026-07-23 05:40:17.785631+00
10140011625474,ดำเนินการ,2004-11-08,,2026-07-26 05:47:48.519046+00
10140012625481,ดำเนินการ,2005-10-13,,2026-07-26 05:47:26.491256+00
10140012925519,ดำเนินการ,2008-06-24,,2026-07-26 05:47:46.272492+00
10140014425476,ดำเนินการ,2004-12-25,,2026-07-23 05:41:42.639376+00
10140016225486,ดำเนินการ,2005-11-16,,2026-07-26 05:47:16.539845+00
10140018425472,ดำเนินการ,2004-06-09,,2026-07-26 05:47:46.72026+00
10140019125691,ได้รับใบอนุญาต,2026-01-22,,2026-07-26 05:47:48.519046+00
10140021525672,ได้รับใบอนุญาต,2024-02-13,,2026-08-08 05:31:02.074977+00
10140028125484,ดำเนินการ,2005-10-20,,2026-07-23 05:40:59.361835+00
10140030325684,ดำเนินการ,2025-02-13,,2026-07-23 05:41:16.870502+00
10140038125680,ดำเนินการ,2025-02-24,,2026-07-26 05:47:31.915577+00
10140039425493,ดำเนินการ,2006-09-15,,2026-08-07 03:27:09.358144+00
10140061625655,ดำเนินการ,2022-04-08,,2026-07-23 05:41:29.85172+00
10140065525638,ดำเนินการ,2020-04-01,,2026-07-23 05:41:39.496369+00
10140075725657,ดำเนินการ,2022-04-29,,2026-07-23 05:41:13.961752+00
10140086925676,ดำเนินการ,2024-05-28,,2026-07-23 05:41:13.961752+00
10140089425658,ดำเนินการ,2022-05-25,,2026-07-26 05:47:34.195383+00
10140091125668,ดำเนินการ,2023-06-09,,2026-07-26 05:47:48.059247+00
10140095625689,ดำเนินการ,2025-06-05,,2026-07-23 05:41:42.215973+00
10140095725638,ดำเนินการ,2020-05-15,,2026-07-26 05:47:31.020367+00
10140100125188,ดำเนินการ,1993-05-11,,2026-07-26 05:47:00.439735+00
10140100125246,ดำเนินการ,1993-03-05,,2026-07-23 05:40:18.700497+00
10140100125337,ดำเนินการ,1993-05-12,,2026-07-26 05:46:57.745856+00
10140100125402,ดำเนินการ,1997-09-02,,2026-07-23 05:40:40.003139+00
10140100125428,ดำเนินการ,1999-08-26,,2026-07-26 05:47:09.515543+00
10140100125451,ดำเนินการ,2002-10-11,,2026-07-26 05:47:07.477013+00
10140100125477,ดำเนินการ,2004-08-04,,2026-07-23 05:41:11.491254+00
10140100225194,ดำเนินการ,1993-07-08,,2026-07-26 05:46:59.997072+00
10140100225285,ดำเนินการ,1994-03-02,,2026-07-23 05:41:35.449104+00
10140100225319,ดำเนินการ,1993-12-09,,2026-07-23 05:41:13.162078+00
10140100225467,ดำเนินการ,2003-04-25,,2026-07-26 05:47:26.062732+00
10140100325267,ดำเนินการ,1994-08-02,,2026-07-23 05:40:44.999801+00
10140100325465,ดำเนินการ,2003-10-27,,2026-07-23 05:41:41.977254+00
10140100325499,ดำเนินการ,2006-09-06,,2026-08-07 03:28:32.571257+00
10140100325507,ดำเนินการ,2007-06-28,,2026-07-23 05:41:30.648703+00
10140100325556,ดำเนินการ,2012-01-19,,2026-07-23 05:41:35.866136+00
10140100825555,ดำเนินการ,2012-07-02,,2026-07-23 05:41:41.977254+00
10140101025494,ดำเนินการ,2006-01-30,,2026-07-26 05:46:59.113113+00
10140101525501,ดำเนินการ,2007-06-14,,2026-07-23 05:41:43.038087+00
10140101825513,ดำเนินการ,2008-03-11,,2026-07-23 05:40:49.032225+00
10140103125656,ดำเนินการ,2022-06-14,,2026-07-23 05:41:42.215973+00
10140104425501,ดำเนินการ,2007-05-08,,2026-07-23 05:41:23.007385+00
10140105125472,ดำเนินการ,2004-07-01,,2026-07-26 05:47:10.423795+00
10140114125695,ได้รับใบอนุญาต,2026-05-20,,2026-07-23 05:41:41.977254+00
10140117925661,ดำเนินการ,2023-07-26,,2026-07-26 05:47:37.743052+00
10140139025672,ดำเนินการ,2024-08-15,,2026-07-23 05:41:35.866136+00
10140171725668,ดำเนินการ,2023-10-11,,2026-07-23 05:40:17.332982+00
10140188425658,ดำเนินการ,2022-10-28,,2026-08-08 05:31:17.766695+00
10140188825683,ดำเนินการ,2025-10-25,,2026-07-23 05:40:46.621121+00
10140193625672,ได้รับใบอนุญาต,2024-10-21,,2026-07-23 05:40:59.791958+00
10140200125153,ดำเนินการ,1993-03-19,,2026-07-26 05:47:00.439735+00
10140200125252,ดำเนินการ,1994-06-21,,2026-07-23 05:41:29.85172+00
10140200125294,ดำเนินการ,1995-11-10,,2026-07-23 05:40:48.633634+00
10140200125328,หยุดดำเนินการ,1994-12-30,,2026-07-23 05:40:44.999801+00
10140200125369,ดำเนินการ,1993-08-30,,2026-07-23 05:41:01.917732+00
10140200125385,ดำเนินการ,1995-07-07,,2026-07-23 05:41:16.870502+00
10140200125401,ดำเนินการ,1997-09-12,,2026-07-26 05:46:48.670985+00
10140200225359,ดำเนินการ,1993-06-29,,2026-07-26 05:47:17.474216+00
10140200225441,ดำเนินการ,2001-07-02,,2026-07-26 05:47:34.195383+00
10140202325629,ดำเนินการ,2019-08-07,,2026-07-23 05:41:42.215973+00
10140205125471,ดำเนินการ,2004-06-04,,2026-08-08 05:31:27.051863+00
10140209725623,ดำเนินการ,2019-08-15,,2026-07-26 05:47:48.059247+00
10140223125628,ดำเนินการ,2019-08-29,,2026-08-08 05:31:20.478186+00
10140226025627,ดำเนินการ,2019-08-30,,2026-07-23 05:41:42.215973+00
10140233725672,ได้รับใบอนุญาต,2024-12-17,,2026-08-07 03:28:33.28673+00
10140258425620,ดำเนินการ,2019-10-03,,2026-07-26 05:47:48.059247+00
10160000125393,ดำเนินการ,1996-03-13,,2026-07-26 05:46:55.084486+00
10160000125427,ดำเนินการ,1999-03-12,,2026-07-26 05:47:11.768738+00
10160000225342,ดำเนินการ,1993-11-30,,2026-07-23 05:41:11.491254+00
10160000725572,ดำเนินการ,2014-08-28,,2026-07-23 05:40:18.231537+00
10160000825588,ดำเนินการ,2015-04-03,,2026-07-26 05:46:49.15336+00
10160000925503,ดำเนินการ,2007-11-22,,2026-07-23 05:40:18.231537+00
10160001025600,ดำเนินการ,2017-07-25,,2026-07-23 05:40:15.998222+00
10160001825520,หยุดดำเนินการ,2009-03-30,,2026-07-23 05:40:41.239237+00
10160002225613,ดำเนินการ,2018-03-08,,2026-07-23 05:41:43.038087+00
10160002725604,ดำเนินการ,2017-03-30,,2026-07-26 05:47:48.984985+00
10160002925543,ดำเนินการ,2011-06-20,,2026-07-23 05:40:59.791958+00
10160003225554,ดำเนินการ,2012-08-10,,2026-07-26 05:47:39.555668+00
10160006325567,ดำเนินการ,2013-12-11,,2026-07-26 05:46:49.15336+00
10160011025541,ดำเนินการ,2011-11-01,,2026-07-23 05:41:34.611496+00
10160138625686,ได้รับใบอนุญาต,2025-08-21,,2026-07-26 05:46:49.15336+00
10160200125342,ดำเนินการ,1994-10-31,,2026-07-23 05:41:37.062024+00
10190148225672,ได้รับใบอนุญาต,2024-08-27,,2026-07-26 05:47:48.984985+00
10200004825596,ดำเนินการ,2016-03-24,,2026-07-23 05:41:13.961752+00
10200026625669,หยุดดำเนินการ,2023-02-17,,2026-07-26 05:47:48.519046+00
10200068525678,ดำเนินการ,2024-04-25,,2026-07-26 05:46:49.15336+00
10210000125446,ดำเนินการ,2001-01-22,,2026-07-23 05:40:47.410859+00
10210000125578,ได้รับใบอนุญาต,2014-06-04,,2026-07-26 05:47:07.477013+00
10210000425390,ดำเนินการ,1996-09-27,,2026-07-23 05:41:06.432042+00
10210000525595,ดำเนินการ,2016-02-09,,2026-07-23 05:41:41.977254+00
10210000625619,ดำเนินการ,2018-01-22,,2026-07-23 05:41:41.977254+00
10210000725534,ดำเนินการ,2010-07-07,,2026-07-23 05:41:04.572342+00
10210001625477,ดำเนินการ,2004-02-25,,2026-07-26 05:46:59.113113+00
10210002925587,ดำเนินการ,2015-08-21,,2026-07-23 05:41:41.977254+00
10210003325480,ดำเนินการ,2005-03-25,,2026-07-26 05:47:47.620747+00
10210003725515,ได้รับใบอนุญาต,2008-09-12,,2026-07-26 05:47:48.984985+00
10210003825513,ดำเนินการ,2008-10-07,,2026-07-23 05:41:43.038087+00
10210005525616,ดำเนินการ,2018-05-07,,2026-07-23 05:41:42.215973+00
10210007625612,ดำเนินการ,2018-09-04,,2026-07-23 05:40:58.134854+00
10210010425612,ดำเนินการ,2018-12-17,,2026-07-23 05:40:58.552734+00
10210012825470,ดำเนินการ,2004-11-29,,2026-07-26 05:47:48.519046+00
10210023025656,ได้รับใบอนุญาต,2022-02-09,,2026-07-26 05:47:47.620747+00
10210035525651,ได้รับใบอนุญาต,2022-03-01,,2026-07-26 05:47:40.002653+00
10210045425686,ได้รับใบอนุญาต,2025-03-05,,2026-07-26 05:47:40.002653+00
10210061325620,ดำเนินการ,2019-03-06,,2026-07-23 05:41:42.639376+00
10210086725655,ได้รับใบอนุญาต,2022-05-23,,2026-07-23 05:41:06.432042+00
10210100125247,ดำเนินการ,1993-09-09,,2026-07-23 05:40:48.223867+00
10210100325599,ดำเนินการ,2016-12-28,,2026-07-26 05:47:21.979287+00
10210100425571,ดำเนินการ,2014-06-04,,2026-07-23 05:40:59.361835+00
10210113925682,ได้รับใบอนุญาต,2025-07-09,,2026-07-23 05:41:43.038087+00
10210181125629,ได้รับใบอนุญาต,2019-07-18,,2026-07-26 05:47:48.059247+00
10210200125477,ได้รับใบอนุญาต,2004-04-29,,2026-07-26 05:47:12.642547+00
10210200225384,ดำเนินการ,1995-06-09,,2026-07-26 05:47:16.539845+00
10210234925629,ดำเนินการ,2019-09-10,,2026-07-23 05:41:42.215973+00
10210300125377,ดำเนินการ,1994-06-01,,2026-07-26 05:47:16.539845+00
10210300125435,ดำเนินการ,2000-05-29,,2026-07-26 05:47:16.539845+00
10210392225648,ดำเนินการ,2021-08-09,,2026-07-23 05:40:42.071011+00
10210400125384,ดำเนินการ,1995-05-18,,2026-07-23 05:41:13.961752+00
10210454325641,ดำเนินการ,2021-10-15,,2026-07-23 05:41:42.639376+00
10210456825648,ดำเนินการ,2021-10-20,,2026-07-23 05:41:43.438356+00
10210492125649,ดำเนินการ,2021-12-16,,2026-07-23 05:40:58.134854+00
10210500125326,ดำเนินการ,1995-01-13,,2026-07-26 05:47:40.885103+00
10210500125391,ดำเนินการ,1996-03-11,,2026-07-26 05:47:12.642547+00
10210500125417,ดำเนินการ,1998-07-17,,2026-07-23 05:41:25.332874+00
10210500125441,ได้รับใบอนุญาต,2001-01-09,,2026-07-26 05:47:08.618182+00
10210600125358,ดำเนินการ,1995-10-19,,2026-07-26 05:47:16.539845+00
10210600125382,ดำเนินการ,1995-11-23,,2026-07-26 05:47:19.762328+00
10210900125462,ดำเนินการ,2003-09-09,,2026-07-26 05:47:48.519046+00
10240000125328,ดำเนินการ,1994-12-13,,2026-07-26 05:47:09.515543+00
10240000125450,ดำเนินการ,2002-12-26,,2026-07-26 05:46:41.71863+00
10240000225599,ได้รับใบอนุญาต,2016-12-06,,2026-08-07 03:28:32.571257+00
10240000425686,ดำเนินการ,2024-12-06,,2026-07-26 05:47:48.519046+00
10240000525600,ได้รับใบอนุญาต,2017-02-03,,2026-07-26 05:47:48.519046+00
10240001225549,ดำเนินการ,2011-04-28,,2026-07-26 05:47:36.838899+00
10240001725563,ดำเนินการ,2013-07-25,,2026-07-26 05:47:47.620747+00
10240002125490,ดำเนินการ,2006-06-02,,2026-07-23 05:41:18.135551+00
10240003925609,ได้รับใบอนุญาต,2017-05-16,,2026-08-07 03:28:33.735237+00
10240004525515,ดำเนินการ,2008-11-11,,2026-07-26 05:47:11.768738+00
10240004625513,ดำเนินการ,2008-12-08,,2026-07-26 05:47:48.984985+00
10240004725495,ดำเนินการ,2006-08-11,,2026-07-26 05:47:37.297154+00
10240004725602,ดำเนินการ,2017-06-15,,2026-07-23 05:41:43.038087+00
10240010625606,ได้รับใบอนุญาต,2017-10-16,,2026-07-23 05:41:42.639376+00
10240019525674,ดำเนินการ,2024-02-09,,2026-07-23 05:41:41.977254+00
10240045725686,ดำเนินการ,2025-03-05,,2026-07-26 05:47:48.519046+00
10240054125695,ได้รับใบอนุญาต,2026-03-09,,2026-07-26 05:47:48.984985+00
10240066625690,ได้รับใบอนุญาต,2026-03-23,,2026-07-26 05:47:48.984985+00
10240111525630,ได้รับใบอนุญาต,2020-06-08,,2026-07-23 05:41:43.038087+00
10240179425624,ดำเนินการ,2019-07-11,,2026-07-23 05:41:43.038087+00
10240211325675,ได้รับใบอนุญาต,2024-11-12,,2026-07-26 05:47:00.87875+00
10240215525635,ได้รับใบอนุญาต,2020-10-27,,2026-07-26 05:47:37.297154+00
10240300125366,ดำเนินการ,1994-03-22,,2026-07-23 05:41:30.248611+00
10250195225650,ดำเนินการ,2022-11-09,,2026-07-23 05:41:14.789479+00
10300000125387,ดำเนินการ,1995-12-21,,2026-07-23 05:40:15.548504+00
10300000225369,ดำเนินการ,1993-11-03,,2026-07-23 05:40:42.071011+00
10300000325318,ดำเนินการ,1993-10-28,,2026-07-23 05:41:31.043073+00
10300000325557,ดำเนินการ,2012-12-13,,2026-07-23 05:41:27.357971+00
10300000425514,ดำเนินการ,2008-08-18,,2026-07-23 05:40:49.875794+00
10300000425563,หยุดดำเนินการ,2013-03-08,,2026-07-23 05:40:42.071011+00
10300000725335,ดำเนินการ,1993-03-22,,2026-07-23 05:41:26.938851+00
10300000725525,ดำเนินการ,2009-03-10,,2026-07-23 05:41:35.036181+00
10300001925280,ดำเนินการ,1993-12-13,,2026-07-23 05:40:45.396173+00
10300002225615,ดำเนินการ,2018-04-05,,2026-07-26 05:46:12.425186+00
10300003225614,ดำเนินการ,2018-03-13,,2026-07-23 05:41:41.977254+00
10300004225472,ดำเนินการ,2004-10-28,,2026-07-23 05:40:17.785631+00
10300004625697,ได้รับใบอนุญาต,2026-01-12,,2026-07-23 05:40:48.633634+00
10300006925616,หยุดดำเนินการ,2018-04-05,,2026-07-26 05:46:11.961284+00
10300009225543,ดำเนินการ,2011-09-05,,2026-07-26 05:47:40.002653+00
10300011925650,ได้รับใบอนุญาต,2022-01-21,,2026-07-26 05:47:06.613937+00
10300017625692,ได้รับใบอนุญาต,2026-01-26,,2026-07-26 05:47:48.519046+00
10300026325680,ได้รับใบอนุญาต,2025-02-06,,2026-07-26 05:47:07.477013+00
10300068825662,ดำเนินการ,2023-05-01,,2026-07-23 05:40:59.361835+00
10300078525682,ได้รับใบอนุญาต,2025-05-02,,2026-07-23 05:40:18.231537+00
10300092125667,ดำเนินการ,2023-06-12,,2026-07-23 05:40:49.875794+00
10300093325647,ดำเนินการ,2021-02-03,,2026-07-26 05:47:48.519046+00
10300100125154,ดำเนินการ,1993-03-15,,2026-07-23 05:41:22.604448+00
10300102925551,ดำเนินการ,2012-07-09,,2026-07-26 05:47:39.555668+00
10300134225681,ได้รับใบอนุญาต,2025-08-15,,2026-07-23 05:41:43.038087+00
10300164825657,ได้รับใบอนุญาต,2022-09-22,,2026-07-26 05:47:00.87875+00
10300171525654,ดำเนินการ,2022-09-28,,2026-07-23 05:40:17.332982+00
10360001925524,ดำเนินการ,2009-08-06,,2026-07-23 05:40:59.361835+00
10430000125291,ดำเนินการ,1986-12-04,,2026-07-23 05:41:19.753337+00
10430000325354,ดำเนินการ,1993-07-14,,2026-08-07 03:28:04.737869+00
10430000525607,ดำเนินการ,2017-06-22,,2026-08-08 05:31:00.549316+00
10430002525613,ดำเนินการ,2018-02-12,,2026-08-08 05:31:06.479791+00
10430005825507,หยุดดำเนินการ,2007-06-08,,2026-07-26 05:46:59.113113+00
10430042525672,ได้รับใบอนุญาต,2024-03-18,,2026-07-26 05:47:08.177936+00
10430051525621,ดำเนินการ,2019-02-27,,2026-07-23 05:40:58.134854+00
10430086525653,ดำเนินการ,2022-05-23,,2026-08-08 05:31:09.351832+00
10430091625639,ดำเนินการ,2020-05-07,,2026-08-07 03:27:42.030697+00
10430093425665,ดำเนินการ,2023-06-14,,2026-07-26 05:46:12.425186+00
10430100725602,ดำเนินการ,2017-05-16,,2026-07-23 05:41:35.036181+00
10430146225666,ดำเนินการ,2023-09-15,,2026-07-26 05:46:12.425186+00
10430291625629,ดำเนินการ,2019-11-13,,2026-08-08 05:30:43.475006+00
10430492525644,ดำเนินการ,2021-12-16,,2026-08-05 05:21:43.908898+00
10430492925646,ดำเนินการ,2021-12-16,,2026-07-26 05:46:59.113113+00
10510111825689,ได้รับใบอนุญาต,2025-07-04,,2026-07-23 05:40:59.361835+00
10600105225655,ได้รับใบอนุญาต,2022-06-18,,2026-07-23 05:41:41.534966+00
10600110525669,ได้รับใบอนุญาต,2023-07-13,,2026-07-26 05:46:41.71863+00
10600192425655,ดำเนินการ,2022-11-03,,2026-07-26 05:47:06.613937+00
10630000125395,ดำเนินการ,1996-03-22,,2026-07-26 05:46:11.481681+00
10660000125467,ดำเนินการ,2003-04-25,,2026-07-23 05:40:40.003139+00
10660000325547,ดำเนินการ,2011-01-28,,2026-07-23 05:40:40.422984+00
10700000125255,ดำเนินการ,1994-06-01,,2026-07-26 05:46:39.488743+00
10700000125370,ดำเนินการ,1996-07-24,,2026-07-23 05:40:49.875794+00
10700000125586,ดำเนินการ,2015-08-24,,2026-07-23 05:41:11.491254+00
10700000125594,ดำเนินการ,2016-03-23,,2026-07-26 05:46:50.061721+00
10700000225154,ดำเนินการ,1994-01-05,,2026-07-26 05:46:48.670985+00
10700000225196,ดำเนินการ,1994-06-01,,2026-07-26 05:46:47.958724+00
10700000225261,ดำเนินการ,1983-09-15,,2026-07-23 05:40:47.410859+00
10700000225279,ดำเนินการ,1993-08-31,,2026-07-26 05:46:50.498772+00
10700000225568,ได้รับใบอนุญาต,2013-04-24,,2026-07-23 05:40:47.802479+00
10700000425507,ดำเนินการ,2007-06-01,,2026-08-03 05:57:30.158039+00
10700000425564,ได้รับใบอนุญาต,2013-09-13,,2026-07-23 05:40:47.802479+00
10700000425598,ได้รับใบอนุญาต,2016-05-17,,2026-07-26 05:46:47.504112+00
10700000425614,ดำเนินการ,2018-04-09,,2026-07-23 05:40:49.032225+00
10700000525348,ดำเนินการ,1994-02-08,,2026-07-23 05:41:23.007385+00
10700000725476,ได้รับใบอนุญาต,2004-12-21,,2026-08-05 05:22:20.91347+00
10700000825177,ดำเนินการ,1995-02-27,,2026-07-26 05:47:13.772084+00
10700000825474,ดำเนินการ,2004-08-23,,2026-07-26 05:46:49.15336+00
10700000825490,ดำเนินการ,2006-01-25,,2026-07-23 05:41:41.977254+00
10700001025207,ดำเนินการ,1995-05-08,,2026-07-23 05:41:31.043073+00
10700001025470,ดำเนินการ,2004-01-22,,2026-07-23 05:41:41.977254+00
10700001025504,ดำเนินการ,2007-04-30,,2026-07-23 05:41:05.240113+00
10700001225476,ดำเนินการ,2004-06-08,,2026-07-26 05:47:40.885103+00
10700001425480,ดำเนินการ,2005-07-07,,2026-07-26 05:47:48.519046+00
10700001525479,ดำเนินการ,2004-07-30,,2026-07-23 05:41:29.85172+00
10700001625576,ดำเนินการ,2014-09-29,,2026-07-23 05:41:27.765873+00
10700001725152,ดำเนินการ,1993-07-27,,2026-07-23 05:41:10.656396+00
10700001725509,ดำเนินการ,2007-12-14,,2026-07-23 05:41:26.938851+00
10700005625531,ดำเนินการ,2010-10-07,,2026-07-26 05:46:12.886482+00
10700007125548,ดำเนินการ,2011-05-19,,2026-07-23 05:41:34.611496+00
10700007525531,ดำเนินการ,2010-09-03,,2026-07-23 05:41:04.572342+00
10700007925608,ได้รับใบอนุญาต,2017-09-25,,2026-07-23 05:41:43.438356+00
10700010825597,ดำเนินการ,2016-12-23,,2026-07-26 05:47:48.519046+00
10700015225595,ดำเนินการ,2016-05-24,,2026-07-23 05:40:16.893844+00
10700021625689,ดำเนินการ,2025-01-31,,2026-07-26 05:46:13.821742+00
10700031325650,ดำเนินการ,2022-02-22,,2026-07-23 05:41:41.977254+00
10700082725675,ดำเนินการ,2024-05-21,,2026-07-23 05:41:43.038087+00
10700100125296,ดำเนินการ,1995-04-28,,2026-07-23 05:40:40.003139+00
10700100125304,ดำเนินการ,1993-06-02,,2026-07-26 05:47:34.637677+00
10700105125663,ดำเนินการ,2023-07-06,,2026-08-08 05:30:56.853056+00
10700200125238,ดำเนินการ,1995-03-30,,2026-07-26 05:47:23.790656+00
10700200125436,ดำเนินการ,2000-01-27,,2026-07-23 05:41:35.036181+00
10700268125625,ดำเนินการ,2019-10-10,,2026-07-23 05:41:42.639376+00
10700276825620,ได้รับใบอนุญาต,2019-10-25,,2026-07-26 05:47:12.205583+00
10700300125351,ดำเนินการ,1995-02-22,,2026-07-26 05:47:47.171297+00
10700300125393,ดำเนินการ,1996-02-22,,2026-07-26 05:47:12.642547+00
10700500125342,ดำเนินการ,1994-05-16,,2026-07-23 05:41:14.357071+00
10700600125325,ดำเนินการ,1995-02-17,,2026-07-23 05:41:28.621425+00
10700700125340,ดำเนินการ,1994-04-29,,2026-07-26 05:47:19.762328+00
10710000125338,ดำเนินการ,1993-03-16,,2026-07-26 05:46:11.481681+00
10710000125346,ดำเนินการ,1994-03-01,,2026-07-23 05:41:01.917732+00
10710000125353,ดำเนินการ,1993-02-01,,2026-07-26 05:46:11.481681+00
10710000125361,ดำเนินการ,1993-05-18,,2026-07-23 05:40:16.432745+00
10710000125379,ดำเนินการ,1994-05-03,,2026-07-26 05:46:11.481681+00
10710000125411,ดำเนินการ,1998-09-04,,2026-07-23 05:40:19.138184+00
10710000125452,ดำเนินการ,2002-06-26,,2026-08-05 05:21:42.559077+00
10710000125502,ดำเนินการ,2007-01-09,,2026-07-23 05:40:59.361835+00
10710000225260,ดำเนินการ,1995-01-03,,2026-07-23 05:40:17.332982+00
10710000225542,ดำเนินการ,2011-01-05,,2026-07-26 05:47:48.519046+00
10710000325359,ดำเนินการ,1992-11-16,,2026-07-23 05:40:16.432745+00
10710000325375,ดำเนินการ,1994-12-15,,2026-07-23 05:40:16.432745+00
10710000525537,ดำเนินการ,2010-07-21,,2026-07-26 05:46:41.71863+00
10710001025552,ดำเนินการ,2012-09-07,,2026-07-23 05:40:19.138184+00
10710001625617,ดำเนินการ,2018-12-13,,2026-07-26 05:47:00.439735+00
10710001925553,ดำเนินการ,2012-05-03,,2026-07-23 05:40:41.239237+00
10710003925312,ดำเนินการ,1994-01-24,,2026-07-26 05:46:45.741377+00
10710005325313,ดำเนินการ,1994-01-18,,2026-07-23 05:40:45.787046+00
10710008625610,ดำเนินการ,2018-04-25,,2026-07-23 05:40:16.893844+00
10710070625670,ดำเนินการ,2024-04-29,,2026-07-26 05:46:11.961284+00
10710075125635,ดำเนินการ,2020-04-15,,2026-07-23 05:40:47.410859+00
10710100125329,ดำเนินการ,1995-02-01,,2026-07-26 05:46:49.619597+00
10710106525639,ดำเนินการ,2020-05-28,,2026-07-23 05:41:42.215973+00
10710200125351,ดำเนินการ,1997-06-20,,2026-07-23 05:40:47.410859+00
10710300125392,ดำเนินการ,1997-01-06,,2026-07-26 05:47:47.171297+00
10710309025627,ดำเนินการ,2019-12-02,,2026-07-23 05:40:49.441891+00
10710488025646,ดำเนินการ,2021-12-09,,2026-07-23 05:41:02.313663+00
10710500125358,ดำเนินการ,1993-01-19,,2026-07-23 05:41:41.534966+00
10720000125436,ดำเนินการ,2000-08-02,,2026-07-26 05:46:47.504112+00
10720000225244,ดำเนินการ,1993-05-06,,2026-07-26 05:46:48.670985+00
10720001325498,ดำเนินการ,2006-04-07,,2026-07-26 05:46:40.397587+00
10720100125443,ดำเนินการ,2001-01-26,,2026-07-26 05:46:48.670985+00
10720142025668,ดำเนินการ,2023-09-06,,2026-07-26 05:47:06.613937+00
10730000125229,ดำเนินการ,1993-11-01,,2026-07-26 05:46:49.15336+00
10730000125278,ดำเนินการ,1993-01-20,,2026-07-26 05:46:13.349054+00
10730000125401,ดำเนินการ,1997-12-26,,2026-07-26 05:46:13.349054+00
10730000125435,ดำเนินการ,2000-06-23,,2026-07-26 05:46:13.821742+00
10730000125450,ดำเนินการ,2002-12-03,,2026-07-23 05:40:18.231537+00
10730000125575,ดำเนินการ,2014-03-21,,2026-07-23 05:40:49.875794+00
10730000225136,ดำเนินการ,1993-04-05,,2026-07-26 05:46:50.498772+00
10730000225391,ดำเนินการ,1996-02-19,,2026-07-23 05:40:51.162059+00
10730000225409,ดำเนินการ,1997-11-18,,2026-07-23 05:40:51.162059+00
10730000225417,ดำเนินการ,1998-05-13,,2026-07-23 05:41:41.534966+00
10730000225540,ดำเนินการ,2011-02-07,,2026-07-23 05:41:02.313663+00
10730000325407,ดำเนินการ,1997-05-01,,2026-07-26 05:47:11.316778+00
10730000325555,ดำเนินการ,2012-05-28,,2026-07-26 05:46:47.504112+00
10730000425181,ดำเนินการ,1993-07-28,,2026-07-26 05:46:14.288033+00
10730000425454,ดำเนินการ,2002-10-09,,2026-08-03 05:57:31.230371+00
10730000425488,ดำเนินการ,2005-02-01,,2026-07-23 05:40:48.223867+00
10730000525576,ดำเนินการ,2014-02-10,,2026-07-26 05:47:48.519046+00
10730000725333,ดำเนินการ,1993-06-03,,2026-07-26 05:47:11.316778+00
10730000825471,ดำเนินการ,2004-06-04,,2026-07-26 05:46:13.349054+00
10730001425602,ดำเนินการ,2017-06-06,,2026-07-23 05:40:19.138184+00
10730002625572,ดำเนินการ,2014-08-08,,2026-07-26 05:47:47.620747+00
10730005425533,ดำเนินการ,2010-09-21,,2026-07-26 05:47:12.205583+00
10730006125496,ดำเนินการ,2006-12-07,,2026-07-26 05:46:49.15336+00
10730006325583,ดำเนินการ,2015-09-14,,2026-08-07 03:28:02.137973+00
10730007325608,ดำเนินการ,2017-12-28,,2026-07-26 05:47:11.768738+00
10730007625494,ดำเนินการ,2006-12-01,,2026-07-26 05:47:12.205583+00
10730011225547,ดำเนินการ,2011-11-14,,2026-07-23 05:41:34.611496+00
10730045425675,ดำเนินการ,2024-03-21,,2026-07-26 05:47:47.620747+00
10730089725675,ดำเนินการ,2024-06-04,,2026-08-08 05:30:56.853056+00
10730100125152,ดำเนินการ,1993-08-19,,2026-07-26 05:46:52.302062+00
10730100125178,ดำเนินการ,1995-01-10,,2026-07-23 05:40:46.621121+00
10730100125228,ดำเนินการ,1994-10-18,,2026-08-07 03:27:42.030697+00
10730100125350,ดำเนินการ,1993-07-26,,2026-08-08 05:31:02.770267+00
10730100125418,ดำเนินการ,1998-03-23,,2026-07-23 05:40:47.802479+00
10730100125442,ดำเนินการ,2001-06-01,,2026-07-23 05:40:48.633634+00
10730100225499,ดำเนินการ,2006-05-25,,2026-07-26 05:47:06.613937+00
10730100325372,หยุดดำเนินการ,1994-03-02,,2026-07-26 05:47:09.98201+00
10730100425552,ดำเนินการ,2012-10-01,,2026-07-26 05:47:34.637677+00
10730100725498,ดำเนินการ,2006-05-24,,2026-08-05 05:22:29.193481+00
10730101025674,ดำเนินการ,2024-06-14,,2026-07-26 05:46:12.886482+00
10730101225548,หยุดดำเนินการ,2011-03-17,,2026-07-23 05:41:07.681776+00
10730114825631,ดำเนินการ,2020-06-11,,2026-07-26 05:46:41.71863+00
10730151825668,ดำเนินการ,2023-09-25,,2026-07-23 05:41:42.215973+00
10730175925650,ดำเนินการ,2022-10-05,,2026-07-26 05:46:12.886482+00
10730198825622,ดำเนินการ,2019-08-06,,2026-07-26 05:46:49.15336+00
10730200125359,ดำเนินการ,1994-12-21,,2026-07-26 05:46:52.302062+00
10730200125425,ดำเนินการ,1999-07-16,,2026-07-23 05:41:05.630816+00
10730200125441,หยุดดำเนินการ,2001-10-16,,2026-07-23 05:40:49.875794+00
10730200325330,ดำเนินการ,1990-09-21,,2026-07-23 05:40:55.049572+00
10730200425353,ดำเนินการ,1994-10-26,,2026-07-23 05:41:13.554404+00
10730200525343,ดำเนินการ,1993-12-14,,2026-07-23 05:41:14.357071+00
10730240225623,ดำเนินการ,2019-09-16,,2026-07-23 05:41:42.215973+00
10730300125218,ดำเนินการ,1993-04-27,,2026-07-23 05:40:50.264711+00
10730300125408,ดำเนินการ,1997-09-23,,2026-07-23 05:40:49.875794+00
10730300225331,ดำเนินการ,1993-05-21,,2026-07-26 05:47:11.316778+00
10730300225356,ดำเนินการ,1994-02-21,,2026-07-23 05:41:04.164181+00
10730300325339,ดำเนินการ,1993-08-05,,2026-07-26 05:47:09.98201+00
10730400125183,ดำเนินการ,1993-03-24,,2026-07-23 05:41:05.240113+00
10730400125290,ดำเนินการ,1994-05-04,,2026-07-23 05:40:49.875794+00
10730400125407,ดำเนินการ,1997-02-24,,2026-07-26 05:46:52.302062+00
10730400125449,ดำเนินการ,2001-07-04,,2026-07-23 05:41:05.630816+00
10730400225330,ดำเนินการ,1993-06-10,,2026-07-23 05:41:09.853018+00
10730400225355,ดำเนินการ,1994-12-21,,2026-07-26 05:47:11.316778+00
10730400325338,ดำเนินการ,1993-10-06,,2026-07-23 05:41:08.987779+00
10730460125644,ดำเนินการ,2021-10-28,,2026-07-26 05:46:12.886482+00
10730500125349,ดำเนินการ,1993-12-17,,2026-07-23 05:40:51.551578+00
10730500125372,ดำเนินการ,1994-07-14,,2026-07-23 05:41:05.630816+00
10730500325337,ดำเนินการ,1993-03-11,,2026-07-26 05:47:13.073999+00
10730600125256,ดำเนินการ,1993-10-29,,2026-07-26 05:47:12.642547+00
10730600125355,ดำเนินการ,1993-03-04,,2026-07-23 05:41:06.432042+00
10730700125370,ดำเนินการ,1996-11-01,,2026-07-26 05:47:10.869006+00
10730700225352,ดำเนินการ,1995-02-28,,2026-07-26 05:47:17.945996+00
10730800125395,ดำเนินการ,1996-10-02,,2026-07-26 05:47:15.640434+00
10730800125452,ดำเนินการ,2002-03-01,,2026-07-23 05:41:29.461816+00
10730900125329,ดำเนินการ,1994-12-22,,2026-07-23 05:41:17.71159+00
10730900125345,ดำเนินการ,1994-01-25,,2026-07-26 05:47:03.956898+00
10731000125300,ดำเนินการ,1987-09-03,,2026-07-23 05:41:14.357071+00
10731000125375,ดำเนินการ,1994-10-07,,2026-07-26 05:47:21.533444+00
10731000125391,ดำเนินการ,1996-03-25,,2026-07-23 05:41:32.272699+00
10731000225357,ดำเนินการ,1995-01-03,,2026-07-23 05:41:33.07296+00
10731200125340,ดำเนินการ,1994-01-25,,2026-07-26 05:47:23.790656+00
10731300125323,ดำเนินการ,1994-07-06,,2026-07-23 05:41:29.043073+00
10731300125356,ดำเนินการ,1992-06-18,,2026-07-23 05:41:34.200836+00
10731300125372,ดำเนินการ,1994-06-03,,2026-07-26 05:47:47.171297+00
10740043925691,ได้รับใบอนุญาต,2026-02-10,,2026-07-23 05:41:43.038087+00
10740204225634,ดำเนินการ,2020-10-05,,2026-07-23 05:41:42.215973+00
10740264325621,ดำเนินการ,2019-10-10,,2026-07-23 05:41:01.917732+00
10800000525445,ดำเนินการ,2001-12-19,,2026-07-26 05:46:58.641457+00
10800001125575,ดำเนินการ,2014-03-12,,2026-07-23 05:40:58.134854+00
10810000125328,ดำเนินการ,1995-01-10,,2026-08-05 05:22:27.372864+00
10810000125435,ดำเนินการ,2000-03-01,,2026-07-23 05:40:57.083497+00
10810000325456,ดำเนินการ,2002-06-26,,2026-07-23 05:40:57.709004+00
10810000325571,ดำเนินการ,2014-02-25,,2026-07-23 05:40:18.700497+00
10810001425479,ดำเนินการ,2004-07-08,,2026-07-23 05:40:18.700497+00
10810004925616,ดำเนินการ,2018-12-24,,2026-07-23 05:41:05.240113+00
10810007925597,ได้รับใบอนุญาต,2016-11-16,,2026-08-08 05:31:09.351832+00
10810100125418,ดำเนินการ,1998-06-25,,2026-07-23 05:40:57.083497+00
10810101425478,ดำเนินการ,2004-02-25,,2026-08-07 03:27:50.383421+00
10810143525673,ดำเนินการ,2024-08-21,,2026-08-07 03:28:25.396554+00
10810183825686,ได้รับใบอนุญาต,2025-10-17,,2026-07-23 05:40:58.134854+00
10810273125625,ดำเนินการ,2019-10-22,,2026-07-23 05:40:49.032225+00
10840000125424,ดำเนินการ,1999-04-12,,2026-07-23 05:41:30.648703+00
10840000225448,ดำเนินการ,2001-07-03,,2026-07-23 05:40:18.700497+00
10840000325610,ดำเนินการ,2018-01-10,,2026-07-23 05:40:57.709004+00
10840002225602,ดำเนินการ,2017-05-25,,2026-08-07 03:27:50.383421+00
10840003825541,ดำเนินการ,2011-06-17,,2026-07-23 05:40:58.134854+00
10840005725616,ดำเนินการ,2018-12-13,,2026-07-23 05:40:59.791958+00
10840007025601,ดำเนินการ,2017-09-07,,2026-07-23 05:40:58.134854+00
10840045525653,ดำเนินการ,2022-03-16,,2026-08-05 05:22:29.193481+00
10840083425659,ดำเนินการ,2022-05-17,,2026-07-26 05:46:59.113113+00
10840100225397,ดำเนินการ,1996-08-16,,2026-07-26 05:47:15.640434+00
10840100425591,ดำเนินการ,2016-11-14,,2026-07-26 05:47:40.448164+00
10840126125662,ดำเนินการ,2023-08-15,,2026-07-26 05:46:59.113113+00
10850000125241,ดำเนินการ,1993-04-30,,2026-07-26 05:47:40.448164+00
10850001925482,ดำเนินการ,2005-09-27,,2026-07-26 05:46:13.821742+00
10850007425479,ดำเนินการ,2004-10-14,,2026-07-26 05:46:49.15336+00
10900000125277,ดำเนินการ,1993-09-09,,2026-07-26 05:47:08.177936+00
10900000125434,ดำเนินการ,2000-08-29,,2026-07-23 05:40:48.633634+00
10900000325406,ดำเนินการ,1997-04-03,,2026-07-23 05:41:06.034466+00
10900003625588,ดำเนินการ,2015-06-15,,2026-08-07 03:27:41.599843+00
10900005025407,ดำเนินการ,1997-09-17,,2026-07-23 05:41:06.034466+00
10900013725501,ดำเนินการ,2007-11-20,,2026-07-23 05:40:58.552734+00
10900037025656,ดำเนินการ,2022-03-02,,2026-08-07 03:27:41.599843+00
10900046425699,ได้รับใบอนุญาต,2026-02-26,,2026-07-23 05:41:41.977254+00
10900098425696,ได้รับใบอนุญาต,2026-05-01,,2026-08-07 03:28:32.571257+00
10900100125219,ดำเนินการ,1993-11-09,,2026-08-07 03:28:21.095296+00
10900100125268,ดำเนินการ,1995-11-02,,2026-07-26 05:47:19.309099+00
10900100125276,ดำเนินการ,1993-09-09,,2026-08-07 03:28:04.468284+00
10900100125508,ดำเนินการ,2007-04-09,,2026-07-23 05:40:18.700497+00
10900196525629,ดำเนินการ,2019-08-02,,2026-07-23 05:41:05.240113+00
10900200125267,หยุดดำเนินการ,1993-07-01,,2026-08-07 03:28:26.276819+00
10900204725641,ดำเนินการ,2021-03-10,,2026-07-23 05:40:17.332982+00
10900477625643,ดำเนินการ,2021-11-23,,2026-08-07 03:27:51.666681+00
10900490625646,ดำเนินการ,2021-12-14,,2026-07-23 05:40:59.791958+00
10920000225463,ดำเนินการ,2003-01-15,,2026-07-26 05:46:58.641457+00
10920001025615,ได้รับใบอนุญาต,2018-01-17,,2026-07-26 05:47:00.439735+00
10920001125522,ดำเนินการ,2009-06-22,,2026-07-23 05:41:35.036181+00
10920001525614,ดำเนินการ,2018-11-30,,2026-07-26 05:47:00.439735+00
10920003525612,ดำเนินการ,2018-04-03,,2026-08-08 05:31:06.479791+00
10920008025618,ได้รับใบอนุญาต,2018-09-05,,2026-08-07 03:27:50.383421+00
10920008225614,ดำเนินการ,2018-09-05,,2026-07-23 05:40:58.134854+00
10920008425503,ดำเนินการ,2007-08-03,,2026-07-26 05:46:59.113113+00
10920022125691,ดำเนินการ,2026-01-31,,2026-08-05 05:22:29.193481+00
10920033425650,ดำเนินการ,2022-02-24,,2026-07-26 05:47:07.477013+00
10920100225587,หยุดดำเนินการ,2015-06-16,,2026-07-26 05:47:00.439735+00
10920188325663,ดำเนินการ,2023-11-06,,2026-08-07 03:27:51.666681+00
10930009925484,ดำเนินการ,2005-06-08,,2026-07-23 05:40:17.785631+00
10940000125190,ดำเนินการ,1994-01-20,,2026-07-23 05:40:49.441891+00
10940000525605,ดำเนินการ,2017-02-28,,2026-07-23 05:40:57.709004+00
20110000525355,ดำเนินการ,1995-05-04,,2026-07-23 05:42:38.154284+00
20110001225559,ดำเนินการ,2012-03-13,,2026-08-08 05:31:55.678826+00
20110001525420,ดำเนินการ,1999-11-26,,2026-08-08 05:31:55.678826+00
20110001625402,ดำเนินการ,1997-10-30,,2026-08-08 05:32:04.94077+00
20110005725539,ดำเนินการ,2010-10-19,,2026-08-08 05:31:57.178393+00
20110006025681,ดำเนินการ,2025-01-13,,2026-08-08 05:32:04.94077+00
20110008125653,ดำเนินการ,2022-01-17,,2026-07-23 05:41:57.752873+00
20110015825675,ดำเนินการ,2024-02-01,,2026-07-23 05:42:46.05292+00
20110017325625,ดำเนินการ,2019-01-21,,2026-07-23 05:42:43.969673+00
20110056925624,ดำเนินการ,2019-03-01,,2026-08-08 05:32:06.400949+00
20110063025665,ดำเนินการ,2023-04-21,,2026-07-23 05:42:40.221233+00
20110091025687,ดำเนินการ,2025-03-07,,2026-07-26 05:47:53.768459+00
20110093225673,ได้รับใบอนุญาต,2024-06-06,,2026-07-23 05:42:55.303368+00
20110095525625,ดำเนินการ,2019-04-11,,2026-08-08 05:31:55.678826+00
20110100825598,ดำเนินการ,2016-09-01,,2026-08-08 05:31:54.101157+00
20110100925570,ดำเนินการ,2014-09-12,,2026-08-08 05:32:02.121578+00
20110102825570,ดำเนินการ,2014-08-27,,2026-08-08 05:32:10.014101+00
20110103425560,ดำเนินการ,2013-12-24,,2026-08-08 05:32:07.164301+00
20110105725611,ดำเนินการ,2018-05-24,,2026-08-08 05:31:57.178393+00
20110169125674,ดำเนินการ,2024-09-25,,2026-08-08 05:32:07.940229+00
20110179725679,ดำเนินการ,2024-09-30,,2026-08-08 05:32:07.940229+00
20110193225656,ดำเนินการ,2022-11-04,,2026-08-08 05:32:09.449844+00
20110200825399,ดำเนินการ,1996-08-07,,2026-07-23 05:42:53.366391+00
20110200925579,ดำเนินการ,2014-02-10,,2026-08-08 05:32:08.687961+00
20110218025636,ดำเนินการ,2020-10-29,,2026-07-23 05:41:47.829889+00
20110233425670,ดำเนินการ,2024-12-17,,2026-08-08 05:31:56.422245+00
20110257725633,ดำเนินการ,2020-11-27,,2026-08-08 05:32:07.164301+00
20110273725625,ดำเนินการ,2019-10-22,,2026-07-23 05:42:22.122486+00
20110295125630,ดำเนินการ,2020-12-24,,2026-08-08 05:31:51.724555+00
20110333825647,ดำเนินการ,2021-06-16,,2026-08-08 05:31:47.118108+00
20110334725648,ดำเนินการ,2021-06-16,,2026-08-08 05:31:47.118108+00
20110600125382,ดำเนินการ,1995-03-02,,2026-07-26 05:48:36.009875+00
20111300125607,ดำเนินการ,2017-01-05,,2026-08-08 05:32:03.6191+00
20111600125414,ดำเนินการ,1998-06-12,,2026-08-08 05:32:06.400949+00
20120000125486,ดำเนินการ,2005-01-04,,2026-08-08 05:31:48.014752+00
20120000225450,ดำเนินการ,2002-07-11,,2026-07-23 05:42:25.823035+00
20120000325615,ได้รับใบอนุญาต,2018-03-26,,2026-07-23 05:42:40.221233+00
20120000425514,ดำเนินการ,2008-09-05,,2026-07-23 05:42:40.221233+00
20120000425548,ดำเนินการ,2011-12-15,,2026-07-23 05:41:56.127382+00
20120000425555,ดำเนินการ,2012-05-31,,2026-07-23 05:42:24.974956+00
20120000525479,ดำเนินการ,2004-08-23,,2026-07-23 05:42:26.65643+00
20120000725376,ดำเนินการ,1994-10-28,,2026-07-23 05:42:27.516881+00
20120000925489,ได้รับใบอนุญาต,2005-03-16,,2026-08-08 05:31:55.678826+00
20120001025487,ดำเนินการ,2005-03-30,,2026-07-23 05:42:55.303368+00
20120001025545,ดำเนินการ,2011-06-16,,2026-07-23 05:42:38.154284+00
20120001025594,หยุดดำเนินการ,2016-12-21,,2026-07-23 05:42:23.896405+00
20120001225392,ดำเนินการ,1996-11-26,,2026-08-08 05:32:00.633086+00
20120001425398,ดำเนินการ,1996-12-11,,2026-07-23 05:42:33.749246+00
20120001425554,ดำเนินการ,2012-03-19,,2026-07-23 05:42:43.969673+00
20120001525544,ดำเนินการ,2011-10-05,,2026-07-23 05:42:37.299699+00
20120001625484,ดำเนินการ,2005-03-18,,2026-07-23 05:42:38.154284+00
20120001625666,ดำเนินการ,2023-01-05,,2026-07-23 05:42:23.896405+00
20120001925470,ดำเนินการ,2004-10-11,,2026-07-23 05:42:22.122486+00
20120002025585,ดำเนินการ,2015-11-23,,2026-08-08 05:32:01.367326+00
20120002125526,ดำเนินการ,2009-04-22,,2026-07-23 05:42:18.809083+00
20120002425579,ดำเนินการ,2014-06-26,,2026-08-08 05:32:04.94077+00
20120002825471,ดำเนินการ,2004-06-03,,2026-07-23 05:42:45.638926+00
20120003625490,ดำเนินการ,2006-06-08,,2026-07-23 05:42:44.391514+00
20120003625565,ดำเนินการ,2013-06-25,,2026-07-23 05:42:27.516881+00
20120003725555,ดำเนินการ,2012-08-15,,2026-08-08 05:32:08.687961+00
20120005525581,ดำเนินการ,2015-09-21,,2026-08-08 05:31:56.422245+00
20120006025474,ดำเนินการ,2004-06-30,,2026-07-23 05:42:53.769487+00
20120007025580,ดำเนินการ,2015-05-07,,2026-07-23 05:42:34.583325+00
20120007725577,ได้รับใบอนุญาต,2014-03-31,,2026-08-08 05:32:00.633086+00
20120008325484,ดำเนินการ,2005-10-06,,2026-07-23 05:42:44.813572+00
20120009525488,ดำเนินการ,2005-12-26,,2026-08-08 05:31:57.178393+00
20120010025601,ดำเนินการ,2017-05-23,,2026-08-08 05:32:12.267068+00
20120010525618,ดำเนินการ,2018-09-05,,2026-07-23 05:42:35.015877+00
20120012225597,ดำเนินการ,2016-09-01,,2026-08-08 05:31:51.724555+00
20120015325592,ได้รับใบอนุญาต,2016-10-27,,2026-07-23 05:42:35.820796+00
20120015525563,ดำเนินการ,2013-08-01,,2026-08-08 05:31:51.724555+00
20120028125625,ดำเนินการ,2019-01-31,,2026-08-08 05:31:57.178393+00
20120028225649,ดำเนินการ,2021-01-12,,2026-08-08 05:32:07.940229+00
20120030025649,ดำเนินการ,2021-01-12,,2026-07-26 05:48:26.621075+00
20120040125645,ดำเนินการ,2021-01-14,,2026-07-23 05:42:50.87768+00
20120041725641,ดำเนินการ,2021-01-14,,2026-07-23 05:42:38.154284+00
20120042225633,ได้รับใบอนุญาต,2020-03-04,,2026-07-23 05:42:53.366391+00
20120059125643,ได้รับใบอนุญาต,2021-01-18,,2026-07-23 05:42:23.896405+00
20120100125428,ดำเนินการ,1999-01-06,,2026-07-26 05:48:39.657106+00
20120100125527,ดำเนินการ,2009-01-09,,2026-07-23 05:42:38.154284+00
20120100125550,ดำเนินการ,2012-05-30,,2026-07-23 05:42:36.886818+00
20120100225475,ดำเนินการ,2004-04-07,,2026-07-23 05:42:36.886818+00
20120100225483,ดำเนินการ,2005-03-08,,2026-07-23 05:42:32.101881+00
20120100425430,ดำเนินการ,2000-11-28,,2026-08-08 05:32:10.014101+00
20120100525536,ดำเนินการ,2010-05-03,,2026-07-23 05:42:36.886818+00
20120100625443,ดำเนินการ,2001-10-17,,2026-08-08 05:31:53.371164+00
20120100625484,ดำเนินการ,2005-08-25,,2026-08-08 05:31:54.101157+00
20120100625559,ดำเนินการ,2012-05-21,,2026-07-23 05:42:38.154284+00
20120100625617,ดำเนินการ,2018-06-26,,2026-07-23 05:42:40.221233+00
20120100725540,ดำเนินการ,2011-04-25,,2026-07-23 05:42:39.815025+00
20120100825506,ดำเนินการ,2007-05-16,,2026-07-23 05:42:55.739868+00
20120100925579,ดำเนินการ,2014-09-17,,2026-07-23 05:42:40.621245+00
20120101025544,ดำเนินการ,2011-04-25,,2026-07-23 05:42:39.815025+00
20120101625566,ดำเนินการ,2013-07-31,,2026-07-23 05:42:26.23728+00
20120101725481,ดำเนินการ,2005-03-08,,2026-07-23 05:42:43.969673+00
20120102925569,ดำเนินการ,2013-02-11,,2026-07-23 05:42:53.366391+00
20120121925673,ดำเนินการ,2024-07-16,,2026-07-23 05:42:54.218591+00
20120134225624,ดำเนินการ,2019-05-27,,2026-07-23 05:42:53.769487+00
20120167025628,ดำเนินการ,2019-06-28,,2026-08-08 05:32:07.164301+00
20120200125385,ดำเนินการ,1995-07-21,,2026-07-23 05:42:19.235131+00
20120200325399,ดำเนินการ,1996-10-02,,2026-07-23 05:42:45.23089+00
20120300225374,ดำเนินการ,1994-08-18,,2026-08-08 05:32:07.940229+00
20120300225481,ดำเนินการ,2005-02-17,,2026-07-23 05:42:41.045565+00
20120325525642,ดำเนินการ,2021-06-08,,2026-07-23 05:42:45.23089+00
20120368225647,ได้รับใบอนุญาต,2021-07-07,,2026-07-23 05:42:54.466563+00
20120400125441,ดำเนินการ,2001-09-06,,2026-07-26 05:48:32.803771+00
20120500225463,ดำเนินการ,2003-07-03,,2026-07-23 05:42:45.23089+00
20120800125389,ดำเนินการ,1995-07-10,,2026-07-23 05:42:43.143588+00
20121000125377,ดำเนินการ,1994-10-03,,2026-07-23 05:42:44.813572+00
20121000125450,ดำเนินการ,2002-07-11,,2026-07-23 05:42:44.813572+00
20130000125485,ดำเนินการ,2005-12-29,,2026-07-23 05:41:56.520026+00
20130000125519,ดำเนินการ,2008-08-27,,2026-07-23 05:41:56.520026+00
20130000225459,ดำเนินการ,2002-11-07,,2026-07-26 05:48:04.313273+00
20130000225467,ดำเนินการ,2003-09-10,,2026-07-23 05:41:57.752873+00
20130000225475,ดำเนินการ,2004-10-22,,2026-07-23 05:42:30.420638+00
20130000225525,ดำเนินการ,2009-05-18,,2026-07-23 05:42:20.865457+00
20130000225558,ดำเนินการ,2012-07-10,,2026-07-23 05:41:56.520026+00
20130000325390,ดำเนินการ,1996-02-26,,2026-07-23 05:42:43.554032+00
20130000325481,ดำเนินการ,2005-01-25,,2026-07-26 05:48:32.322151+00
20130000525544,ดำเนินการ,2011-08-03,,2026-07-23 05:41:56.520026+00
20130000625492,ดำเนินการ,2006-11-14,,2026-07-23 05:42:20.865457+00
20130000625534,ดำเนินการ,2010-09-27,,2026-07-23 05:42:22.122486+00
20130000725599,ดำเนินการ,2016-08-04,,2026-07-23 05:41:58.172714+00
20130000925553,ดำเนินการ,2012-08-31,,2026-07-23 05:41:57.752873+00
20130001025585,ดำเนินการ,2015-04-20,,2026-07-23 05:41:57.752873+00
20130001225490,ดำเนินการ,2006-10-31,,2026-07-23 05:42:23.193845+00
20130001325498,ดำเนินการ,2006-11-01,,2026-07-23 05:42:40.221233+00
20130001525527,ดำเนินการ,2009-05-22,,2026-07-23 05:42:46.295501+00
20130001525576,ดำเนินการ,2014-12-08,,2026-07-23 05:41:56.520026+00
20130001825497,ดำเนินการ,2006-11-17,,2026-07-23 05:41:58.172714+00
20130001825505,ดำเนินการ,2007-05-11,,2026-07-23 05:42:46.295501+00
20130002025584,ดำเนินการ,2015-07-10,,2026-07-23 05:41:58.172714+00
20130002125582,ดำเนินการ,2015-07-10,,2026-07-23 05:41:58.172714+00
20130002525534,ดำเนินการ,2010-08-04,,2026-07-23 05:42:31.69519+00
20130005725487,ดำเนินการ,2005-12-15,,2026-07-23 05:42:22.768186+00
20130059325671,ได้รับใบอนุญาต,2024-04-04,,2026-07-23 05:41:57.752873+00
20130100225540,ดำเนินการ,2011-02-23,,2026-07-23 05:42:23.193845+00
20130100925552,ดำเนินการ,2012-11-15,,2026-07-23 05:42:23.896405+00
20130109425539,ดำเนินการ,2010-10-21,,2026-07-23 05:42:39.815025+00
20130128825677,ดำเนินการ,2024-07-26,,2026-07-23 05:42:23.193845+00
20130149625668,ได้รับใบอนุญาต,2023-09-21,,2026-07-23 05:42:27.516881+00
20130199725657,ดำเนินการ,2022-11-18,,2026-07-23 05:42:23.193845+00
20130200125459,ดำเนินการ,2002-10-28,,2026-07-26 05:48:33.705491+00
20130221925622,ดำเนินการ,2019-08-28,,2026-07-23 05:42:22.768186+00
20130222325657,ดำเนินการ,2022-12-26,,2026-07-26 05:47:53.295155+00
20130400225455,ดำเนินการ,2002-12-03,,2026-07-23 05:42:24.293961+00
20131500125439,ดำเนินการ,2000-08-15,,2026-08-08 05:32:01.367326+00
20131900125427,ดำเนินการ,1999-03-18,,2026-08-08 05:32:08.687961+00
20132100125373,ดำเนินการ,1994-06-01,,2026-08-08 05:32:07.164301+00
20132200125372,ดำเนินการ,1994-01-27,,2026-08-08 05:32:07.164301+00
20132300125462,ดำเนินการ,2003-05-12,,2026-08-08 05:31:54.101157+00
20132400125461,ดำเนินการ,2003-07-23,,2026-08-08 05:31:54.101157+00
20133200125461,ดำเนินการ,2003-10-14,,2026-08-08 05:32:02.121578+00
20140000525600,ดำเนินการ,2017-01-06,,2026-07-26 05:47:55.609022+00
20140000625400,ดำเนินการ,1997-05-29,,2026-07-23 05:41:54.242742+00
20140000825463,ดำเนินการ,2003-08-21,,2026-08-08 05:31:48.761927+00
20140000825521,ดำเนินการ,2009-07-13,,2026-08-08 05:31:29.424368+00
20140000825547,ดำเนินการ,2011-06-07,,2026-08-08 05:32:07.940229+00
20140000825562,ดำเนินการ,2013-04-30,,2026-08-08 05:32:10.014101+00
20140000925537,ดำเนินการ,2010-12-23,,2026-07-23 05:42:23.896405+00
20140000925545,ดำเนินการ,2011-05-31,,2026-08-08 05:31:57.178393+00
20140001025535,ดำเนินการ,2010-06-16,,2026-08-08 05:31:57.178393+00
20140001325554,ได้รับใบอนุญาต,2012-05-09,,2026-08-08 05:32:07.940229+00
20140001325570,ดำเนินการ,2014-12-29,,2026-08-08 05:31:46.362189+00
20140001425552,ดำเนินการ,2012-09-18,,2026-08-08 05:31:54.890278+00
20140001425586,ได้รับใบอนุญาต,2015-09-29,,2026-07-23 05:42:55.739868+00
20140096225677,ดำเนินการ,2024-06-11,,2026-08-08 05:32:07.164301+00
20140108125667,ดำเนินการ,2023-07-10,,2026-08-08 05:32:07.164301+00
20150002625506,ดำเนินการ,2007-10-16,,2026-07-26 05:48:03.862472+00
20150354825647,ดำเนินการ,2021-06-29,,2026-07-23 05:42:41.045565+00
20150400125380,ดำเนินการ,1995-03-24,,2026-08-08 05:32:02.121578+00
20160000725539,ดำเนินการ,2010-07-15,,2026-07-23 05:42:40.621245+00
20160001125549,ดำเนินการ,2011-06-17,,2026-07-23 05:42:47.534517+00
20160001625571,ดำเนินการ,2014-03-13,,2026-07-26 05:48:33.248333+00
20160001725512,ดำเนินการ,2008-08-15,,2026-07-23 05:42:55.739868+00
20160002425534,ดำเนินการ,2010-03-23,,2026-07-23 05:42:39.416213+00
20160003125505,ดำเนินการ,2007-08-29,,2026-07-23 05:42:47.534517+00
20160004225486,ดำเนินการ,2005-06-30,,2026-07-23 05:42:39.416213+00
20160004925481,หยุดดำเนินการ,2005-06-23,,2026-07-26 05:48:29.191112+00
20160007025586,ดำเนินการ,2015-12-29,,2026-07-23 05:42:41.48019+00
20160007725607,ดำเนินการ,2017-04-11,,2026-07-23 05:42:53.769487+00
20160008425561,ดำเนินการ,2013-09-30,,2026-07-26 05:48:30.528922+00
20160010825485,ดำเนินการ,2005-12-28,,2026-07-23 05:42:19.235131+00
20160046725626,ดำเนินการ,2019-02-22,,2026-07-23 05:42:41.48019+00
20160067525665,ดำเนินการ,2023-04-28,,2026-07-23 05:42:53.769487+00
20160068825650,ได้รับใบอนุญาต,2022-04-21,,2026-07-26 05:48:30.073423+00
20160077725628,ดำเนินการ,2019-03-22,,2026-07-23 05:41:46.990846+00
20160100225455,ดำเนินการ,2002-09-11,,2026-07-23 05:42:18.41269+00
20160141525681,ดำเนินการ,2025-08-27,,2026-07-26 05:47:54.228243+00
20160171325655,ดำเนินการ,2022-09-30,,2026-07-26 05:48:33.705491+00
20160300125422,ดำเนินการ,1999-01-01,,2026-07-23 05:42:25.823035+00
20160300125430,หยุดดำเนินการ,2000-07-11,,2026-07-26 05:48:32.803771+00
20160500125446,ดำเนินการ,2001-01-31,,2026-07-23 05:42:41.045565+00
20161100125406,ดำเนินการ,1997-04-09,,2026-07-23 05:42:55.303368+00
20200100325440,ดำเนินการ,2001-04-18,,2026-08-08 05:31:54.890278+00
20200100525601,ดำเนินการ,2017-12-28,,2026-07-23 05:42:26.65643+00
20200143425686,ดำเนินการ,2025-08-26,,2026-08-08 05:32:07.164301+00
20200201025675,ดำเนินการ,2024-10-31,,2026-07-23 05:42:44.391514+00
20200204025664,ดำเนินการ,2023-12-04,,2026-07-23 05:42:34.154076+00
20200297125629,ดำเนินการ,2019-11-19,,2026-07-23 05:42:41.045565+00
20200313125645,ดำเนินการ,2021-05-28,,2026-08-08 05:32:07.940229+00
20210000225517,ได้รับใบอนุญาต,2008-04-29,,2026-07-26 05:48:05.648267+00
20210000525601,ดำเนินการ,2017-02-24,,2026-07-26 05:48:06.089176+00
20210000725573,ดำเนินการ,2014-01-17,,2026-07-23 05:42:33.749246+00
20210000725581,ดำเนินการ,2015-12-09,,2026-07-23 05:42:37.299699+00
20210001425579,ได้รับใบอนุญาต,2014-01-17,,2026-07-23 05:41:49.047343+00
20210001725473,ดำเนินการ,2004-03-02,,2026-07-23 05:42:46.295501+00
20210002025600,ดำเนินการ,2017-09-07,,2026-07-23 05:42:47.534517+00
20210002325554,ดำเนินการ,2012-06-01,,2026-07-23 05:42:31.69519+00
20210003525574,ดำเนินการ,2014-08-28,,2026-07-23 05:42:32.101881+00
20210003625580,ได้รับใบอนุญาต,2015-11-17,,2026-07-23 05:41:57.752873+00
20210004325610,ดำเนินการ,2018-08-24,,2026-07-23 05:42:45.638926+00
20210004625589,ดำเนินการ,2015-02-03,,2026-07-26 05:47:56.047423+00
20210004925617,ได้รับใบอนุญาต,2018-12-27,,2026-07-23 05:41:58.172714+00
20210005225611,ดำเนินการ,2018-05-16,,2026-07-23 05:42:46.700124+00
20210005425484,ได้รับใบอนุญาต,2005-09-29,,2026-07-23 05:42:47.963042+00
20210005825634,ดำเนินการ,2020-01-10,,2026-07-23 05:42:39.815025+00
20210005925608,ได้รับใบอนุญาต,2017-03-07,,2026-07-26 05:47:56.502553+00
20210006625603,ดำเนินการ,2017-09-14,,2026-07-23 05:42:46.700124+00
20210006925607,ดำเนินการ,2017-03-17,,2026-07-23 05:41:49.840678+00
20210007125587,ดำเนินการ,2015-02-20,,2026-07-23 05:41:49.840678+00
20210007625503,ดำเนินการ,2007-02-27,,2026-07-23 05:41:49.840678+00
20210008125487,ดำเนินการ,2005-06-30,,2026-07-23 05:42:53.769487+00
20210008425606,ดำเนินการ,2017-12-22,,2026-07-23 05:42:44.813572+00
20210010225556,ดำเนินการ,2012-07-19,,2026-07-23 05:42:20.467756+00
20210013125613,ดำเนินการ,2018-09-06,,2026-07-23 05:42:54.466563+00
20210014225610,ดำเนินการ,2018-06-28,,2026-07-26 05:47:57.915242+00
20210015325617,ได้รับใบอนุญาต,2018-11-20,,2026-07-23 05:42:47.130276+00
20210015625677,ดำเนินการ,2024-02-01,,2026-07-23 05:41:52.996549+00
20210016425481,ได้รับใบอนุญาต,2005-05-02,,2026-07-23 05:42:35.820796+00
20210018225616,ดำเนินการ,2018-08-24,,2026-07-26 05:47:58.364711+00
20210019525592,ได้รับใบอนุญาต,2016-08-08,,2026-07-23 05:41:51.335507+00
20210021425542,ดำเนินการ,2011-12-06,,2026-07-23 05:41:51.335507+00
20210021525549,ดำเนินการ,2011-12-06,,2026-07-23 05:41:51.335507+00
20210021725628,ดำเนินการ,2019-01-25,,2026-07-23 05:42:53.366391+00
20210022925474,ดำเนินการ,2004-10-01,,2026-07-23 05:42:36.218296+00
20210024625593,ได้รับใบอนุญาต,2016-11-03,,2026-07-23 05:42:54.884654+00
20210024625650,ได้รับใบอนุญาต,2022-02-11,,2026-07-23 05:42:40.621245+00
20210029325587,ดำเนินการ,2015-10-05,,2026-07-23 05:41:52.162011+00
20210030325584,ดำเนินการ,2015-10-12,,2026-07-26 05:47:59.749011+00
20210030425582,ดำเนินการ,2015-10-12,,2026-07-23 05:41:52.162011+00
20210030525589,ดำเนินการ,2015-10-12,,2026-07-23 05:41:52.162011+00
20210033325664,ดำเนินการ,2023-02-28,,2026-07-26 05:47:56.047423+00
20210042925652,ดำเนินการ,2022-03-11,,2026-07-23 05:42:53.769487+00
20210092525634,ดำเนินการ,2020-05-12,,2026-07-23 05:42:23.896405+00
20210096825626,ดำเนินการ,2019-04-17,,2026-07-23 05:41:52.996549+00
20210100125419,ดำเนินการ,1998-11-24,,2026-07-23 05:41:56.92549+00
20210100225433,ดำเนินการ,2000-05-22,,2026-07-23 05:42:32.930637+00
20210100225615,หยุดดำเนินการ,2018-02-19,,2026-07-23 05:42:31.298092+00
20210100425454,ดำเนินการ,2002-12-06,,2026-07-23 05:42:27.516881+00
20210100425561,ดำเนินการ,2013-01-30,,2026-07-23 05:42:43.554032+00
20210100625582,ดำเนินการ,2015-02-18,,2026-07-23 05:42:21.71578+00
20210101025626,หยุดดำเนินการ,2019-04-22,,2026-07-23 05:42:46.295501+00
20210101225622,ดำเนินการ,2019-04-22,,2026-07-23 05:42:43.969673+00
20210101425487,ดำเนินการ,2005-11-08,,2026-07-23 05:42:55.303368+00
20210101625581,ดำเนินการ,2015-03-06,,2026-07-23 05:42:46.295501+00
20210103125580,ดำเนินการ,2015-05-26,,2026-07-23 05:42:42.69598+00
20210104625588,ดำเนินการ,2015-03-24,,2026-07-23 05:42:53.769487+00
20210108225625,ดำเนินการ,2019-04-29,,2026-07-23 05:42:41.48019+00
20210141525676,ดำเนินการ,2024-08-16,,2026-07-23 05:42:44.391514+00
20210188525639,ดำเนินการ,2020-09-25,,2026-07-23 05:42:46.700124+00
20210197325625,ดำเนินการ,2019-08-05,,2026-07-23 05:42:37.299699+00
20210200125483,ดำเนินการ,2005-04-12,,2026-07-23 05:42:41.045565+00
20210200125566,ดำเนินการ,2013-01-18,,2026-07-23 05:42:47.130276+00
20210200225432,ได้รับใบอนุญาต,2000-06-19,,2026-07-23 05:42:42.297023+00
20210200225507,ดำเนินการ,2007-01-11,,2026-07-23 05:42:41.48019+00
20210200825595,ดำเนินการ,2016-01-21,,2026-07-23 05:42:41.48019+00
20210205425664,ได้รับใบอนุญาต,2023-12-07,,2026-07-23 05:42:40.221233+00
20210208825654,ดำเนินการ,2022-12-08,,2026-07-23 05:42:38.572866+00
20210212525654,ได้รับใบอนุญาต,2022-12-14,,2026-07-26 05:48:03.862472+00
20210225425629,ดำเนินการ,2019-09-02,,2026-07-23 05:41:50.703475+00
20210240025677,ได้รับใบอนุญาต,2024-12-25,,2026-07-26 05:48:37.819138+00
20210284225621,ดำเนินการ,2019-11-04,,2026-07-23 05:42:38.572866+00
20210289225642,ดำเนินการ,2021-04-30,,2026-07-23 05:42:54.218591+00
20210300125417,ดำเนินการ,1998-05-18,,2026-07-23 05:42:37.299699+00
20210300225506,ได้รับใบอนุญาต,2007-02-02,,2026-07-23 05:42:42.297023+00
20210306825648,ได้รับใบอนุญาต,2021-05-21,,2026-07-26 05:47:56.971016+00
20210306925620,ได้รับใบอนุญาต,2019-11-28,,2026-07-23 05:42:47.963042+00
20210400125440,ดำเนินการ,2001-06-22,,2026-07-23 05:42:43.143588+00
20210400125457,ดำเนินการ,2002-03-06,,2026-07-23 05:42:32.523579+00
20210401525580,ได้รับใบอนุญาต,2015-09-02,,2026-07-23 05:42:47.534517+00
20210600125455,ได้รับใบอนุญาต,2002-06-19,,2026-07-23 05:42:40.621245+00
20210800125396,ดำเนินการ,1996-03-14,,2026-07-23 05:42:43.554032+00
20210900125452,ดำเนินการ,2004-02-29,,2026-07-23 05:42:47.130276+00
20240000325454,ได้รับใบอนุญาต,2002-10-03,,2026-07-23 05:42:43.554032+00
20240000425601,ได้รับใบอนุญาต,2017-06-12,,2026-08-08 05:31:57.178393+00
20240001925542,ได้รับใบอนุญาต,2011-05-10,,2026-07-23 05:42:30.420638+00
20240002625588,ได้รับใบอนุญาต,2015-09-03,,2026-07-23 05:42:27.516881+00
20240003225586,ดำเนินการ,2015-08-28,,2026-07-26 05:48:30.528922+00
20240004525513,ดำเนินการ,2008-10-24,,2026-07-26 05:48:28.711883+00
20240006425605,ดำเนินการ,2017-09-15,,2026-07-23 05:42:44.391514+00
20240007225475,ดำเนินการ,2004-09-02,,2026-07-23 05:42:44.391514+00
20240009625664,ได้รับใบอนุญาต,2023-01-20,,2026-08-08 05:32:04.94077+00
20240012325641,ดำเนินการ,2021-01-07,,2026-07-23 05:42:46.05292+00
20240013125487,ดำเนินการ,2005-09-27,,2026-07-23 05:42:54.218591+00
20240014125650,ได้รับใบอนุญาต,2022-01-26,,2026-08-08 05:32:13.010296+00
20240015525569,ดำเนินการ,2013-07-19,,2026-07-23 05:42:54.466563+00
20240016225672,ได้รับใบอนุญาต,2024-02-01,,2026-08-08 05:31:56.422245+00
20240017225655,ดำเนินการ,2022-01-31,,2026-07-26 05:47:55.609022+00
20240036425575,ดำเนินการ,2014-11-06,,2026-07-23 05:41:52.162011+00
20240045125620,ดำเนินการ,2019-02-21,,2026-07-23 05:42:45.23089+00
20240047925639,ดำเนินการ,2020-03-12,,2026-07-23 05:42:46.295501+00
20240057525659,ดำเนินการ,2022-03-30,,2026-07-23 05:41:49.840678+00
20240075425676,ได้รับใบอนุญาต,2024-05-08,,2026-08-08 05:32:04.94077+00
20240092625654,ได้รับใบอนุญาต,2022-05-30,,2026-08-08 05:32:01.367326+00
20240092925658,ได้รับใบอนุญาต,2022-05-31,,2026-08-08 05:32:07.940229+00
20240093025656,ได้รับใบอนุญาต,2022-05-31,,2026-08-08 05:32:01.367326+00
20240100125507,ดำเนินการ,2007-04-30,,2026-07-23 05:42:39.003046+00
20240100325578,ได้รับใบอนุญาต,2014-03-31,,2026-07-23 05:42:40.221233+00
20240100525565,ได้รับใบอนุญาต,2013-06-11,,2026-08-08 05:32:01.367326+00
20240100825619,ได้รับใบอนุญาต,2018-10-04,,2026-08-08 05:32:06.400949+00
20240101725594,ดำเนินการ,2016-04-29,,2026-07-23 05:42:27.516881+00
20240107025668,ดำเนินการ,2023-07-10,,2026-07-23 05:42:40.621245+00
20240110325675,ดำเนินการ,2024-06-29,,2026-07-23 05:42:31.69519+00
20240118825569,ดำเนินการ,2013-08-22,,2026-07-23 05:42:54.466563+00
20240122925660,ได้รับใบอนุญาต,2023-08-09,,2026-07-26 05:47:54.228243+00
20240141025658,ได้รับใบอนุญาต,2022-08-22,,2026-08-08 05:32:03.6191+00
20240142625662,ได้รับใบอนุญาต,2023-09-11,,2026-07-26 05:48:03.862472+00
20240144425673,ได้รับใบอนุญาต,2024-08-08,,2026-08-08 05:32:03.6191+00
20240163025636,ได้รับใบอนุญาต,2020-08-26,,2026-08-08 05:31:57.178393+00
20240170425654,ได้รับใบอนุญาต,2022-09-29,,2026-08-08 05:31:50.985305+00
20240171125642,ได้รับใบอนุญาต,2021-02-19,,2026-08-08 05:32:09.449844+00
20240173825637,ดำเนินการ,2020-09-11,,2026-07-26 05:47:58.364711+00
20240176925665,ได้รับใบอนุญาต,2023-10-20,,2026-07-23 05:41:51.096006+00
20240187425655,ดำเนินการ,2022-10-27,,2026-07-23 05:42:46.700124+00
20240188525677,ได้รับใบอนุญาต,2024-10-10,,2026-08-08 05:31:56.422245+00
20240189925660,ดำเนินการ,2023-11-07,,2026-07-23 05:42:21.71578+00
20240200125563,ดำเนินการ,2013-02-07,,2026-08-08 05:32:06.400949+00
20240200225470,ได้รับใบอนุญาต,2004-02-20,,2026-07-23 05:42:40.221233+00
20240200225496,ได้รับใบอนุญาต,2006-01-17,,2026-08-08 05:32:08.687961+00
20240200325585,ได้รับใบอนุญาต,2015-02-12,,2026-08-08 05:31:53.371164+00
20240200525564,ได้รับใบอนุญาต,2013-05-21,,2026-08-08 05:32:13.010296+00
20240203025646,ดำเนินการ,2021-03-09,,2026-08-08 05:32:04.94077+00
20240309825642,ดำเนินการ,2021-05-25,,2026-07-23 05:42:36.886818+00
20240375325642,ดำเนินการ,2021-07-16,,2026-07-23 05:42:36.886818+00
20240400125355,ดำเนินการ,1994-06-03,,2026-07-26 05:48:36.448009+00
20240488525641,ดำเนินการ,2021-12-09,,2026-07-23 05:42:38.154284+00
20240900125467,ได้รับใบอนุญาต,2003-12-25,,2026-07-23 05:42:30.851717+00
20241100125455,ดำเนินการ,2002-08-30,,2026-07-23 05:42:39.003046+00
20270002925563,ดำเนินการ,2013-08-29,,2026-07-26 05:48:05.648267+00
20300000325589,ดำเนินการ,2015-01-13,,2026-07-26 05:47:52.992265+00
20300000625558,ดำเนินการ,2012-01-18,,2026-07-26 05:48:28.253585+00
20300001525674,ได้รับใบอนุญาต,2024-01-05,,2026-07-23 05:42:52.545005+00
20300001625490,ดำเนินการ,2006-03-06,,2026-07-23 05:42:45.23089+00
20300001625565,ดำเนินการ,2013-04-25,,2026-08-07 03:28:38.251149+00
20300002125599,ดำเนินการ,2016-07-08,,2026-07-26 05:47:53.295155+00
20300002425593,ดำเนินการ,2016-08-08,,2026-07-23 05:42:20.467756+00
20300002625614,ดำเนินการ,2018-09-10,,2026-07-26 05:48:03.862472+00
20300003925575,ดำเนินการ,2014-02-10,,2026-07-23 05:42:53.769487+00
20300004225546,ดำเนินการ,2011-10-27,,2026-07-23 05:42:20.467756+00
20300009825563,ดำเนินการ,2013-11-05,,2026-07-23 05:42:39.815025+00
20300009925470,ดำเนินการ,2004-10-15,,2026-07-23 05:42:19.235131+00
20300014325617,ดำเนินการ,2018-10-29,,2026-07-23 05:42:47.130276+00
20300015425549,ดำเนินการ,2011-10-26,,2026-07-23 05:42:54.466563+00
20300018125641,ดำเนินการ,2021-01-08,,2026-07-23 05:42:52.948259+00
20300025825670,ดำเนินการ,2024-02-20,,2026-07-23 05:42:53.366391+00
20300028525590,ดำเนินการ,2016-12-20,,2026-07-23 05:42:54.884654+00
20300070725684,ได้รับใบอนุญาต,2025-04-18,,2026-07-23 05:42:53.769487+00
20300070825682,ได้รับใบอนุญาต,2025-04-18,,2026-07-23 05:42:53.769487+00
20300087625687,ดำเนินการ,2025-05-19,,2026-07-23 05:42:54.218591+00
20300100225440,ดำเนินการ,2001-07-19,,2026-07-23 05:41:47.404325+00
20300100225457,ดำเนินการ,2002-10-04,,2026-07-26 05:48:27.98456+00
20300100325612,ได้รับใบอนุญาต,2018-10-19,,2026-07-23 05:41:47.829889+00
20300100425487,ดำเนินการ,2005-01-28,,2026-07-26 05:48:28.253585+00
20300101225563,ดำเนินการ,2013-04-25,,2026-07-26 05:47:53.768459+00
20300102725488,ดำเนินการ,2005-12-14,,2026-07-23 05:42:23.653666+00
20300172925687,ได้รับใบอนุญาต,2025-10-06,,2026-07-26 05:48:03.862472+00
20300192025682,ได้รับใบอนุญาต,2025-10-22,,2026-07-23 05:42:54.884654+00
20300217925650,ดำเนินการ,2022-12-22,,2026-07-26 05:47:59.299456+00
20300218625671,ดำเนินการ,2024-11-20,,2026-07-23 05:42:54.884654+00
20300225225655,ดำเนินการ,2022-12-29,,2026-07-23 05:42:54.884654+00
20300300125408,ดำเนินการ,1997-03-06,,2026-08-08 05:31:47.118108+00
20300300325446,ดำเนินการ,2001-09-07,,2026-07-23 05:42:43.554032+00
20300306825621,ดำเนินการ,2019-11-28,,2026-07-23 05:42:54.466563+00
20300382225647,ดำเนินการ,2021-07-23,,2026-07-23 05:42:54.466563+00
20330001125563,ดำเนินการ,2013-10-21,,2026-07-23 05:42:23.896405+00
20330001325601,ดำเนินการ,2017-05-17,,2026-07-23 05:41:56.520026+00
20330112125676,ดำเนินการ,2024-06-27,,2026-07-26 05:48:02.465932+00
20330129325632,ดำเนินการ,2020-06-30,,2026-07-23 05:41:55.050347+00
20330207425668,ดำเนินการ,2023-12-06,,2026-07-23 05:42:54.466563+00
20330209525663,ดำเนินการ,2023-12-12,,2026-07-23 05:42:54.466563+00
20330288125625,ดำเนินการ,2019-11-08,,2026-07-23 05:42:54.466563+00
20330434125644,ดำเนินการ,2021-09-22,,2026-08-08 05:32:01.367326+00
20360001425549,ดำเนินการ,2011-02-11,,2026-07-26 05:48:33.248333+00
20360004725515,ดำเนินการ,2008-10-21,,2026-07-23 05:42:46.700124+00
20360010425480,ได้รับใบอนุญาต,2005-12-07,,2026-07-23 05:42:19.235131+00
20360023925575,ดำเนินการ,2014-10-03,,2026-07-23 05:42:54.884654+00
20360058725668,ดำเนินการ,2023-04-07,,2026-07-23 05:42:53.769487+00
20360110125642,ดำเนินการ,2021-02-09,,2026-07-23 05:42:51.689487+00
20360265425631,ดำเนินการ,2020-12-03,,2026-07-23 05:42:51.689487+00
20430000125364,ดำเนินการ,1993-06-14,,2026-07-23 05:42:52.112907+00
20430000125414,ดำเนินการ,1998-06-15,,2026-07-26 05:47:52.992265+00
20430000125539,ดำเนินการ,2010-01-07,,2026-08-08 05:32:09.449844+00
20430000125547,ดำเนินการ,2011-03-11,,2026-08-08 05:32:13.010296+00
20430000225370,ดำเนินการ,1994-06-10,,2026-08-08 05:31:57.178393+00
20430000225461,ดำเนินการ,2003-10-06,,2026-07-23 05:42:22.768186+00
20430000425384,ดำเนินการ,1995-08-21,,2026-07-26 05:48:32.803771+00
20430000725528,ดำเนินการ,2009-06-10,,2026-08-08 05:31:45.627505+00
20430000925599,ดำเนินการ,2016-03-25,,2026-07-23 05:41:47.829889+00
20430001025498,ดำเนินการ,2006-08-04,,2026-08-08 05:31:52.4749+00
20430001125587,ดำเนินการ,2015-07-22,,2026-08-08 05:31:33.445356+00
20430001625552,ดำเนินการ,2012-10-30,,2026-07-23 05:42:49.224481+00
20430001725493,ดำเนินการ,2006-05-15,,2026-07-23 05:42:22.768186+00
20430001725550,ดำเนินการ,2012-10-30,,2026-07-23 05:42:49.224481+00
20430001925473,ดำเนินการ,2004-03-18,,2026-07-23 05:42:29.213673+00
20430001925606,ดำเนินการ,2017-03-06,,2026-07-23 05:42:45.23089+00
20430002425549,ดำเนินการ,2011-03-11,,2026-08-08 05:32:00.633086+00
20430002625601,ดำเนินการ,2017-08-02,,2026-07-23 05:42:42.69598+00
20430003325615,ดำเนินการ,2018-07-13,,2026-08-08 05:31:55.678826+00
20430003625600,ดำเนินการ,2017-05-25,,2026-07-23 05:42:45.638926+00
20430003725566,ดำเนินการ,2013-02-15,,2026-07-23 05:42:53.769487+00
20430004025610,ดำเนินการ,2018-12-03,,2026-08-08 05:31:48.761927+00
20430004325523,ดำเนินการ,2009-06-22,,2026-07-23 05:42:53.769487+00
20430005325589,ดำเนินการ,2015-08-10,,2026-07-23 05:42:22.768186+00
20430005525576,ดำเนินการ,2014-07-15,,2026-07-23 05:42:29.614285+00
20430005725580,ดำเนินการ,2015-08-28,,2026-07-23 05:42:22.768186+00
20430006425586,ดำเนินการ,2015-04-02,,2026-08-08 05:32:12.267068+00
20430007525475,ดำเนินการ,2004-08-16,,2026-07-23 05:42:29.614285+00
20430007525582,ดำเนินการ,2015-09-15,,2026-07-23 05:42:29.614285+00
20430007825537,ดำเนินการ,2010-06-10,,2026-08-08 05:32:00.633086+00
20430008125549,ดำเนินการ,2011-06-27,,2026-08-08 05:32:00.633086+00
20430008825528,ดำเนินการ,2009-06-22,,2026-08-08 05:32:12.267068+00
20430009125563,ดำเนินการ,2013-04-23,,2026-08-08 05:32:00.633086+00
20430010625593,ดำเนินการ,2016-06-07,,2026-07-23 05:42:54.218591+00
20430011525537,ดำเนินการ,2010-09-14,,2026-08-08 05:32:01.367326+00
20430012825530,ดำเนินการ,2010-10-07,,2026-07-23 05:42:54.218591+00
20430014225564,ดำเนินการ,2013-07-19,,2026-08-08 05:32:12.267068+00
20430015325587,ดำเนินการ,2015-07-28,,2026-07-23 05:42:54.466563+00
20430016825510,ดำเนินการ,2008-09-08,,2026-08-08 05:32:12.267068+00
20430016825577,ดำเนินการ,2014-07-15,,2026-08-08 05:32:01.367326+00
20430024225596,ดำเนินการ,2016-10-31,,2026-07-23 05:42:54.884654+00
20430055825652,ดำเนินการ,2022-03-29,,2026-08-08 05:31:48.761927+00
20430071925635,ดำเนินการ,2020-04-10,,2026-08-08 05:31:54.101157+00
20430075525621,ดำเนินการ,2019-03-20,,2026-08-08 05:31:48.761927+00
20430083625637,ดำเนินการ,2020-04-24,,2026-07-23 05:42:41.48019+00
20430085925670,ดำเนินการ,2024-05-27,,2026-08-08 05:32:00.633086+00
20430086225674,ดำเนินการ,2024-05-28,,2026-07-23 05:42:54.218591+00
20430088825653,ดำเนินการ,2022-05-24,,2026-08-08 05:31:45.627505+00
20430100125447,ดำเนินการ,2001-06-19,,2026-07-23 05:42:22.363881+00
20430100225387,ดำเนินการ,1995-07-06,,2026-08-08 05:31:48.761927+00
20430100225395,ดำเนินการ,1996-10-07,,2026-08-08 05:32:00.633086+00
20430100625594,ดำเนินการ,2016-01-14,,2026-07-23 05:42:41.48019+00
20430110325631,ดำเนินการ,2020-06-02,,2026-07-26 05:48:33.248333+00
20430127025638,ดำเนินการ,2020-06-26,,2026-07-23 05:41:56.520026+00
20430145825670,ดำเนินการ,2024-08-22,,2026-07-26 05:48:02.923342+00
20430163025666,ดำเนินการ,2023-10-02,,2026-07-26 05:48:28.711883+00
20430191625651,ดำเนินการ,2022-11-02,,2026-07-23 05:42:28.791345+00
20430200125420,ดำเนินการ,1999-09-24,,2026-08-08 05:32:02.877314+00
20430207725636,ดำเนินการ,2020-10-08,,2026-08-08 05:32:01.367326+00
20430285525627,ดำเนินการ,2019-11-06,,2026-07-23 05:41:55.467453+00
20430292525636,ดำเนินการ,2020-12-18,,2026-07-23 05:42:29.213673+00
20430326325649,ดำเนินการ,2021-06-09,,2026-07-26 05:48:02.923342+00
20430399825640,ดำเนินการ,2021-08-13,,2026-08-08 05:32:02.877314+00
20480000125377,ดำเนินการ,1994-12-15,,2026-07-26 05:48:27.53851+00
20480001125590,ดำเนินการ,2016-01-26,,2026-07-26 05:48:02.465932+00
20480003925609,ดำเนินการ,2017-10-11,,2026-07-23 05:41:46.990846+00
20480007325574,ดำเนินการ,2014-11-20,,2026-07-26 05:48:03.384041+00
20480016425613,ดำเนินการ,2018-10-24,,2026-07-23 05:42:54.466563+00
20480016725558,ดำเนินการ,2012-11-08,,2026-07-23 05:42:54.466563+00
20480018525592,หยุดดำเนินการ,2016-07-28,,2026-07-26 05:47:58.364711+00
20480021325543,ดำเนินการ,2011-12-06,,2026-07-26 05:47:58.828809+00
20480351225644,ดำเนินการ,2021-06-25,,2026-07-23 05:41:56.520026+00
20500001025597,ดำเนินการ,2016-10-13,,2026-07-23 05:41:58.172714+00
20500071425636,ได้รับใบอนุญาต,2020-04-09,,2026-07-23 05:42:47.534517+00
20510000225536,ดำเนินการ,2010-04-21,,2026-07-23 05:41:46.754828+00
20600101725664,ได้รับใบอนุญาต,2023-06-29,,2026-07-23 05:42:54.218591+00
20620000625526,ดำเนินการ,2009-04-01,,2026-08-08 05:32:06.400949+00
20620000625625,ดำเนินการ,2019-01-02,,2026-08-08 05:31:59.892965+00
20620000725383,ดำเนินการ,1995-11-24,,2026-07-26 05:48:02.000088+00
20620000825621,ดำเนินการ,2019-01-02,,2026-07-23 05:42:52.545005+00
20620001025486,ดำเนินการ,2005-03-21,,2026-07-26 05:47:53.768459+00
20620001625574,ดำเนินการ,2014-12-29,,2026-08-08 05:32:06.400949+00
20620001825562,ดำเนินการ,2013-12-24,,2026-08-08 05:32:07.164301+00
20620002725597,ดำเนินการ,2016-08-08,,2026-07-26 05:47:53.295155+00
20620004525565,ดำเนินการ,2013-09-03,,2026-07-23 05:41:55.050347+00
20620004825494,ดำเนินการ,2006-12-21,,2026-07-26 05:48:30.528922+00
20620005525507,ดำเนินการ,2008-01-04,,2026-07-23 05:42:20.467756+00
20620006125471,ดำเนินการ,2004-12-29,,2026-07-26 05:48:30.528922+00
20620006425509,ดำเนินการ,2007-06-21,,2026-08-08 05:32:05.67198+00
20620009025587,ดำเนินการ,2015-12-15,,2026-07-26 05:48:33.248333+00
20620017925554,ดำเนินการ,2012-12-13,,2026-08-08 05:31:44.89812+00
20620020325560,ดำเนินการ,2013-10-02,,2026-08-08 05:31:52.4749+00
20620022725585,ดำเนินการ,2015-11-04,,2026-07-23 05:42:54.884654+00
20620025125544,ดำเนินการ,2011-11-15,,2026-08-08 05:31:52.4749+00
20620200125566,ดำเนินการ,2012-12-28,,2026-08-08 05:32:02.121578+00
20620299525635,ดำเนินการ,2020-12-28,,2026-07-23 05:42:37.299699+00
20630000925602,ดำเนินการ,2017-05-01,,2026-07-26 05:47:53.295155+00
20630001325547,ดำเนินการ,2011-03-30,,2026-07-26 05:48:37.361692+00
20630001725589,ดำเนินการ,2015-04-29,,2026-07-26 05:47:53.295155+00
20630006825533,ดำเนินการ,2010-04-21,,2026-08-08 05:31:30.151492+00
20630045125630,ดำเนินการ,2020-03-09,,2026-07-26 05:48:35.565762+00
20630100125467,ดำเนินการ,2003-02-24,,2026-07-23 05:42:18.009552+00
20630104925565,ดำเนินการ,2013-03-12,,2026-08-08 05:32:11.508817+00
20640003225652,ดำเนินการ,2022-01-17,,2026-07-23 05:42:41.48019+00
20640194625660,ดำเนินการ,2023-11-16,,2026-07-23 05:42:41.48019+00
20660000325438,ดำเนินการ,2000-06-02,,2026-08-08 05:32:00.633086+00
20660000325487,ดำเนินการ,2005-05-20,,2026-07-23 05:42:49.224481+00
20660000425394,ดำเนินการ,1996-07-05,,2026-08-08 05:31:52.4749+00
20660000725611,ดำเนินการ,2018-07-16,,2026-07-26 05:48:34.199859+00
20660000825619,ดำเนินการ,2018-01-17,,2026-07-26 05:48:32.803771+00
20660000925401,ดำเนินการ,1997-09-18,,2026-08-08 05:32:11.508817+00
20660001325577,ดำเนินการ,2014-07-24,,2026-07-26 05:47:54.228243+00
20660002125604,ดำเนินการ,2017-09-18,,2026-07-23 05:42:47.534517+00
20660002325600,ดำเนินการ,2017-05-18,,2026-08-08 05:31:54.890278+00
20660003725535,ดำเนินการ,2010-07-20,,2026-07-23 05:42:22.768186+00
20660004525553,ดำเนินการ,2012-11-20,,2026-07-26 05:47:54.228243+00
20660009225563,ดำเนินการ,2013-05-28,,2026-08-08 05:32:12.267068+00
20660100925673,ดำเนินการ,2024-06-14,,2026-07-23 05:41:46.990846+00
20660101625553,ดำเนินการ,2012-08-10,,2026-08-08 05:31:58.400417+00
20660105725573,ดำเนินการ,2014-03-06,,2026-07-23 05:42:53.769487+00
20660122325654,ดำเนินการ,2022-07-20,,2026-07-23 05:41:50.703475+00
20660201925689,ได้รับใบอนุญาต,2025-11-05,,2026-07-23 05:42:39.416213+00
20660233825634,ดำเนินการ,2020-11-12,,2026-08-08 05:32:02.121578+00
20660233925632,ดำเนินการ,2020-11-12,,2026-08-08 05:31:59.892965+00
20660234225636,ดำเนินการ,2020-11-12,,2026-08-08 05:32:06.400949+00
20660235225635,ดำเนินการ,2020-11-12,,2026-08-08 05:31:46.362189+00
20700000125378,ดำเนินการ,1994-04-29,,2026-07-26 05:48:01.106186+00
20700000125444,ดำเนินการ,2001-08-06,,2026-07-26 05:47:52.992265+00
20700000125568,ดำเนินการ,2013-03-12,,2026-07-23 05:42:22.122486+00
20700000225376,ดำเนินการ,1994-12-19,,2026-07-23 05:42:28.364192+00
20700000225426,ดำเนินการ,1999-11-17,,2026-07-23 05:42:22.363881+00
20700000225483,ดำเนินการ,2005-04-25,,2026-07-26 05:48:32.322151+00
20700000225517,ดำเนินการ,2008-03-25,,2026-07-23 05:42:26.65643+00
20700000325390,ดำเนินการ,1996-08-07,,2026-07-23 05:42:52.948259+00
20700000325499,ดำเนินการ,2006-01-27,,2026-07-23 05:41:46.990846+00
20700000325515,ดำเนินการ,2008-11-19,,2026-07-26 05:47:54.228243+00
20700000325549,ดำเนินการ,2011-04-22,,2026-07-23 05:41:52.996549+00
20700000425315,ดำเนินการ,1994-06-02,,2026-07-23 05:42:18.41269+00
20700000425497,ดำเนินการ,2006-01-27,,2026-07-26 05:48:28.253585+00
20700000525494,ดำเนินการ,2006-01-10,,2026-07-23 05:42:52.948259+00
20700000525544,ดำเนินการ,2011-05-18,,2026-07-26 05:47:54.228243+00
20700000725516,ดำเนินการ,2008-01-09,,2026-07-26 05:47:55.609022+00
20700000725540,ดำเนินการ,2011-01-12,,2026-07-26 05:48:32.803771+00
20700000825456,ดำเนินการ,2002-10-09,,2026-07-26 05:48:06.540047+00
20700000825530,หยุดดำเนินการ,2010-01-14,,2026-07-23 05:41:49.047343+00
20700000825548,ดำเนินการ,2011-11-11,,2026-07-23 05:42:48.375405+00
20700000825555,ดำเนินการ,2012-08-20,,2026-07-26 05:47:54.228243+00
20700000925470,ดำเนินการ,2004-05-04,,2026-07-23 05:42:43.143588+00
20700000925504,ดำเนินการ,2007-10-03,,2026-07-23 05:42:21.71578+00
20700001125559,ดำเนินการ,2012-11-15,,2026-07-26 05:48:31.865396+00
20700001225474,ดำเนินการ,2004-04-29,,2026-07-23 05:41:46.990846+00
20700001425611,หยุดดำเนินการ,2018-08-17,,2026-07-23 05:42:23.193845+00
20700001625590,ดำเนินการ,2016-01-19,,2026-07-23 05:41:49.047343+00
20700001725556,ดำเนินการ,2012-10-08,,2026-07-23 05:42:41.48019+00
20700002025501,ดำเนินการ,2007-01-17,,2026-07-23 05:41:49.441167+00
20700002025592,ดำเนินการ,2016-12-02,,2026-07-26 05:48:00.652501+00
20700002225572,ดำเนินการ,2014-10-22,,2026-07-23 05:41:55.701784+00
20700002225580,ดำเนินการ,2015-05-27,,2026-07-23 05:42:31.69519+00
20700003225530,ดำเนินการ,2010-03-08,,2026-07-23 05:42:53.366391+00
20700003425544,ดำเนินการ,2011-06-22,,2026-07-23 05:42:39.416213+00
20700003625531,ดำเนินการ,2010-07-28,,2026-07-23 05:42:45.638926+00
20700003625556,ดำเนินการ,2012-07-26,,2026-07-23 05:42:44.391514+00
20700003725596,ดำเนินการ,2016-03-07,,2026-07-23 05:42:53.769487+00
20700004025509,ดำเนินการ,2007-09-21,,2026-07-23 05:42:22.768186+00
20700004125556,ได้รับใบอนุญาต,2012-09-21,,2026-07-23 05:42:45.638926+00
20700004225489,หยุดดำเนินการ,2005-05-26,,2026-07-26 05:48:28.711883+00
20700004325479,ดำเนินการ,2004-11-08,,2026-07-23 05:41:56.127382+00
20700004725579,ดำเนินการ,2014-09-29,,2026-07-23 05:42:45.638926+00
20700005425542,ดำเนินการ,2011-12-26,,2026-07-23 05:41:46.990846+00
20700005625604,ดำเนินการ,2017-06-14,,2026-07-23 05:42:34.583325+00
20700005825485,ดำเนินการ,2005-04-11,,2026-07-23 05:41:55.050347+00
20700006325550,ได้รับใบอนุญาต,2012-11-07,,2026-07-23 05:42:39.815025+00
20700006525530,ได้รับใบอนุญาต,2010-09-21,,2026-08-08 05:32:05.67198+00
20700007425516,ดำเนินการ,2008-04-28,,2026-07-23 05:42:34.583325+00
20700007725527,ดำเนินการ,2009-09-28,,2026-07-23 05:42:53.769487+00
20700008325582,ดำเนินการ,2015-03-05,,2026-07-26 05:47:56.971016+00
20700008425598,ดำเนินการ,2016-03-24,,2026-07-23 05:41:50.28017+00
20700008425614,ดำเนินการ,2018-04-24,,2026-07-26 05:47:56.971016+00
20700009625485,ได้รับใบอนุญาต,2005-03-29,,2026-07-23 05:41:50.28017+00
20700011725521,ดำเนินการ,2009-11-10,,2026-07-26 05:48:30.528922+00
20700013625539,ดำเนินการ,2010-07-06,,2026-07-26 05:47:57.915242+00
20700013725537,ดำเนินการ,2010-07-06,,2026-07-23 05:41:50.703475+00
20700014025671,ได้รับใบอนุญาต,2024-01-26,,2026-07-23 05:42:23.896405+00
20700015325617,ดำเนินการ,2018-07-16,,2026-07-23 05:41:51.096006+00
20700017225617,หยุดดำเนินการ,2018-08-07,,2026-07-26 05:47:58.364711+00
20700017425514,ได้รับใบอนุญาต,2008-06-26,,2026-07-23 05:41:51.096006+00
20700023625487,ดำเนินการ,2005-04-25,,2026-07-26 05:47:59.299456+00
20700032025505,ได้รับใบอนุญาต,2007-09-07,,2026-07-23 05:41:52.162011+00
20700032925480,ดำเนินการ,2005-05-26,,2026-07-23 05:41:52.162011+00
20700100125369,ดำเนินการ,1997-01-03,,2026-07-23 05:42:21.296126+00
20700102125524,ดำเนินการ,2009-08-28,,2026-07-23 05:42:30.420638+00
20700132825663,ดำเนินการ,2023-08-24,,2026-07-23 05:41:50.703475+00
20700162925672,ได้รับใบอนุญาต,2024-09-16,,2026-07-23 05:42:54.466563+00
20700167625624,ดำเนินการ,2019-07-01,,2026-07-23 05:41:50.28017+00
20700170125638,ดำเนินการ,2020-09-02,,2026-07-23 05:42:23.193845+00
20700200225432,ดำเนินการ,2000-05-26,,2026-07-23 05:42:32.930637+00
20700211125662,ดำเนินการ,2023-12-18,,2026-07-23 05:42:43.143588+00
20700249725624,ได้รับใบอนุญาต,2019-09-27,,2026-07-23 05:41:57.752873+00
20700252625620,ได้รับใบอนุญาต,2019-09-30,,2026-07-26 05:48:31.865396+00
20700300525475,ดำเนินการ,2004-04-07,,2026-07-23 05:42:40.621245+00
20700500125381,ดำเนินการ,1995-06-15,,2026-07-26 05:48:38.265087+00
20700500125399,ดำเนินการ,1996-11-29,,2026-07-23 05:42:39.815025+00
20700800125388,ดำเนินการ,1995-01-10,,2026-07-23 05:42:47.963042+00
20700800125412,ดำเนินการ,1998-06-01,,2026-07-23 05:42:55.739868+00
20700900125437,ดำเนินการ,2000-09-07,,2026-07-23 05:42:39.815025+00
20701100125433,ดำเนินการ,2000-06-29,,2026-07-23 05:42:43.143588+00
20710000125385,หยุดดำเนินการ,1995-06-12,,2026-07-23 05:41:48.242003+00
20710000125542,ดำเนินการ,2011-10-18,,2026-07-23 05:41:52.996549+00
20710000225409,ดำเนินการ,1997-01-20,,2026-07-23 05:41:53.817231+00
20710000225474,ดำเนินการ,2004-03-09,,2026-07-23 05:42:30.851717+00
20710000325373,ดำเนินการ,1994-06-15,,2026-07-23 05:42:27.516881+00
20710000325415,ดำเนินการ,1998-05-13,,2026-07-23 05:41:46.754828+00
20710000325472,ดำเนินการ,2004-11-26,,2026-07-23 05:42:22.122486+00
20710000425447,ดำเนินการ,2001-04-09,,2026-07-23 05:42:39.003046+00
20710000625574,ดำเนินการ,2014-04-29,,2026-07-23 05:41:57.325307+00
20710000625590,ดำเนินการ,2016-01-05,,2026-07-23 05:41:49.047343+00
20710000825497,ดำเนินการ,2006-03-10,,2026-07-23 05:42:20.051687+00
20710000925578,ดำเนินการ,2014-05-27,,2026-07-23 05:41:57.752873+00
20710000925586,ดำเนินการ,2015-05-06,,2026-07-23 05:41:52.996549+00
20710001025584,ดำเนินการ,2015-05-28,,2026-07-23 05:42:39.003046+00
20710001125525,ดำเนินการ,2009-04-03,,2026-07-23 05:41:54.648334+00
20710001125582,ดำเนินการ,2015-03-12,,2026-07-23 05:42:39.416213+00
20710001525609,ดำเนินการ,2017-01-23,,2026-07-23 05:42:53.366391+00
20710002525491,ดำเนินการ,2006-05-10,,2026-07-23 05:42:39.416213+00
20710002725497,ดำเนินการ,2006-05-29,,2026-07-23 05:42:39.416213+00
20710002725521,ดำเนินการ,2009-03-03,,2026-07-23 05:42:39.416213+00
20710002925576,ดำเนินการ,2014-06-05,,2026-07-23 05:42:39.416213+00
20710003025491,ดำเนินการ,2006-09-21,,2026-07-23 05:42:20.467756+00
20710003525607,ดำเนินการ,2017-02-15,,2026-07-26 05:47:56.047423+00
20710003725561,ดำเนินการ,2013-05-22,,2026-07-23 05:42:39.416213+00
20710004225603,ดำเนินการ,2017-02-21,,2026-07-23 05:41:49.441167+00
20710004325668,ดำเนินการ,2023-01-10,,2026-07-23 05:42:39.003046+00
20710004625562,ดำเนินการ,2013-02-26,,2026-07-26 05:47:56.047423+00
20710004825527,ดำเนินการ,2009-02-10,,2026-07-23 05:42:20.467756+00
20710004925525,ดำเนินการ,2009-02-10,,2026-07-23 05:42:20.467756+00
20710005525472,ดำเนินการ,2004-10-22,,2026-07-23 05:42:39.815025+00
20710006425532,ดำเนินการ,2010-04-20,,2026-07-23 05:41:49.840678+00
20710006625677,ดำเนินการ,2024-01-15,,2026-07-23 05:42:39.003046+00
20710007125610,ดำเนินการ,2018-06-06,,2026-07-23 05:42:53.769487+00
20710007325525,ดำเนินการ,2009-04-23,,2026-07-23 05:42:20.467756+00
20710007725518,ดำเนินการ,2008-09-26,,2026-07-23 05:42:39.815025+00
20710007925563,ดำเนินการ,2013-08-08,,2026-07-23 05:42:39.815025+00
20710009525593,ดำเนินการ,2016-05-24,,2026-07-23 05:42:54.218591+00
20710010525517,ดำเนินการ,2008-12-29,,2026-07-23 05:42:39.815025+00
20710012225520,ดำเนินการ,2009-12-17,,2026-08-08 05:31:54.101157+00
20710012625570,ดำเนินการ,2014-06-05,,2026-07-23 05:41:50.703475+00
20710013025531,ดำเนินการ,2010-11-16,,2026-07-23 05:42:30.017569+00
20710013125570,ดำเนินการ,2014-06-12,,2026-07-23 05:41:50.703475+00
20710014325591,ดำเนินการ,2016-05-11,,2026-07-26 05:47:57.915242+00
20710014425607,ดำเนินการ,2017-06-07,,2026-07-26 05:47:57.915242+00
20710017425620,ดำเนินการ,2019-01-22,,2026-07-26 05:47:55.609022+00
20710019725654,ดำเนินการ,2022-02-04,,2026-07-26 05:47:55.609022+00
20710019825652,ดำเนินการ,2022-02-04,,2026-07-23 05:41:49.441167+00
20710020025607,ดำเนินการ,2017-10-02,,2026-07-23 05:42:54.466563+00
20710024525537,ดำเนินการ,2010-12-21,,2026-08-08 05:31:31.637079+00
20710026625632,ดำเนินการ,2020-02-11,,2026-07-26 05:48:36.901887+00
20710028925592,ดำเนินการ,2016-12-23,,2026-07-23 05:42:54.884654+00
20710032225625,ดำเนินการ,2019-02-06,,2026-07-23 05:42:42.297023+00
20710038325668,ดำเนินการ,2023-03-08,,2026-07-23 05:42:39.003046+00
20710072625668,ดำเนินการ,2023-05-03,,2026-07-23 05:41:49.840678+00
20710081625667,ดำเนินการ,2023-05-23,,2026-07-26 05:47:56.502553+00
20710100125392,ดำเนินการ,1996-08-14,,2026-07-23 05:42:39.003046+00
20710100125442,ดำเนินการ,2001-04-11,,2026-07-23 05:41:58.172714+00
20710100425487,ดำเนินการ,2005-05-02,,2026-07-26 05:48:42.325998+00
20710100425586,ดำเนินการ,2015-05-20,,2026-07-23 05:42:40.621245+00
20710100525609,ดำเนินการ,2017-01-12,,2026-07-23 05:42:52.948259+00
20710101225571,ดำเนินการ,2014-10-14,,2026-07-23 05:42:39.003046+00
20710101625572,ดำเนินการ,2014-09-12,,2026-07-23 05:42:23.193845+00
20710101825529,ดำเนินการ,2009-04-27,,2026-07-23 05:41:54.648334+00
20710101825594,ดำเนินการ,2016-03-03,,2026-07-23 05:41:54.648334+00
20710103925483,ดำเนินการ,2005-12-19,,2026-07-23 05:42:41.48019+00
20710104125679,ดำเนินการ,2024-06-19,,2026-07-26 05:48:06.540047+00
20710106425689,ดำเนินการ,2025-06-25,,2026-07-23 05:42:39.416213+00
20710124325648,ดำเนินการ,2021-02-11,,2026-07-26 05:48:31.411654+00
20710133725648,ดำเนินการ,2021-02-15,,2026-07-23 05:42:52.112907+00
20710133925644,ดำเนินการ,2021-02-15,,2026-07-23 05:42:52.112907+00
20710134625649,ดำเนินการ,2021-02-15,,2026-07-26 05:48:34.199859+00
20710148225659,ดำเนินการ,2022-08-31,,2026-07-23 05:42:39.416213+00
20710152325650,ดำเนินการ,2022-09-07,,2026-07-23 05:42:39.416213+00
20710153325659,ดำเนินการ,2022-09-08,,2026-07-23 05:42:22.768186+00
20710175125665,ดำเนินการ,2023-10-18,,2026-07-23 05:42:54.466563+00
20710194125639,ดำเนินการ,2020-09-29,,2026-07-23 05:42:54.466563+00
20710198425639,ดำเนินการ,2020-09-30,,2026-07-23 05:42:41.045565+00
20710200225597,ดำเนินการ,2016-02-05,,2026-07-23 05:42:49.642692+00
20710211825633,ดำเนินการ,2020-10-20,,2026-07-23 05:42:54.466563+00
20710239425648,ดำเนินการ,2021-03-25,,2026-07-26 05:48:02.465932+00
20710275525632,ดำเนินการ,2020-12-08,,2026-07-23 05:41:47.829889+00
20710287425623,ดำเนินการ,2019-11-07,,2026-07-26 05:48:31.411654+00
20710300125366,ดำเนินการ,1993-07-30,,2026-07-23 05:42:30.851717+00
20710300225414,ดำเนินการ,1998-05-12,,2026-07-23 05:42:39.003046+00
20710300325412,ดำเนินการ,2004-02-29,,2026-07-26 05:48:42.325998+00
20710301525648,ดำเนินการ,2021-05-14,,2026-07-26 05:48:30.073423+00
20710326925625,ดำเนินการ,2019-12-27,,2026-07-23 05:41:56.127382+00
20710400125357,ดำเนินการ,2004-02-29,,2026-07-26 05:48:00.652501+00
20710700125446,ดำเนินการ,2001-02-21,,2026-07-26 05:48:03.384041+00
20711300125455,ดำเนินการ,2002-04-23,,2026-07-23 05:42:50.062673+00
20720000125376,ดำเนินการ,1994-08-24,,2026-07-26 05:48:03.384041+00
20720000325539,ดำเนินการ,2010-08-05,,2026-07-23 05:42:23.896405+00
20720002825528,ดำเนินการ,2009-03-09,,2026-07-23 05:42:39.416213+00
20720005225627,ดำเนินการ,2019-01-08,,2026-07-23 05:42:55.303368+00
20720007425498,หยุดดำเนินการ,2006-09-28,,2026-07-23 05:42:44.391514+00
20720008525619,ดำเนินการ,2018-06-26,,2026-07-23 05:42:54.218591+00
20720009625558,ดำเนินการ,2012-06-07,,2026-07-23 05:42:20.467756+00
20720017225631,ดำเนินการ,2020-01-23,,2026-07-23 05:42:49.642692+00
20720022125586,ดำเนินการ,2015-10-09,,2026-07-23 05:42:54.884654+00
20720059325638,ดำเนินการ,2020-03-25,,2026-07-23 05:42:41.045565+00
20720077725652,ดำเนินการ,2022-05-05,,2026-07-23 05:41:47.829889+00
20720161725626,ดำเนินการ,2019-06-25,,2026-07-23 05:42:45.638926+00
20720206425653,ดำเนินการ,2022-12-01,,2026-07-23 05:42:22.768186+00
20720300125456,ดำเนินการ,2002-09-27,,2026-07-23 05:42:32.101881+00
20720300125639,ดำเนินการ,2020-12-29,,2026-07-26 05:47:54.228243+00
20730000125458,ดำเนินการ,2002-09-26,,2026-07-23 05:41:46.754828+00
20730000125474,ดำเนินการ,2004-10-15,,2026-07-23 05:42:23.896405+00
20730000125532,ดำเนินการ,2010-11-22,,2026-07-23 05:41:47.829889+00
20730000125615,ดำเนินการ,2018-01-10,,2026-07-26 05:48:04.755124+00
20730000225464,ดำเนินการ,2003-10-14,,2026-07-23 05:42:19.659074+00
20730000225480,ดำเนินการ,2005-03-11,,2026-07-23 05:42:24.293961+00
20730000325421,หยุดดำเนินการ,1999-12-17,,2026-07-26 05:48:36.901887+00
20730000325504,ดำเนินการ,2007-01-03,,2026-07-23 05:42:25.823035+00
20730000325512,ดำเนินการ,2008-06-13,,2026-07-23 05:42:40.221233+00
20730000325595,ดำเนินการ,2016-01-29,,2026-08-08 05:31:46.362189+00
20730000425429,หยุดดำเนินการ,1999-12-30,,2026-08-08 05:31:46.362189+00
20730000425460,ดำเนินการ,2003-08-08,,2026-07-23 05:42:28.791345+00
20730000525467,ดำเนินการ,2003-08-08,,2026-07-23 05:42:28.791345+00
20730000525541,ดำเนินการ,2011-12-07,,2026-07-26 05:48:31.411654+00
20730000625523,ดำเนินการ,2009-12-22,,2026-07-23 05:41:48.242003+00
20730000725372,ดำเนินการ,1994-07-08,,2026-07-23 05:42:45.23089+00
20730000725489,ดำเนินการ,2005-09-22,,2026-07-26 05:48:36.009875+00
20730000825586,ดำเนินการ,2015-08-20,,2026-08-08 05:32:13.010296+00
20730000925527,ดำเนินการ,2009-07-21,,2026-07-23 05:41:55.701784+00
20730001225489,ดำเนินการ,2005-03-04,,2026-07-26 05:48:03.862472+00
20730001225596,ดำเนินการ,2016-07-22,,2026-07-23 05:42:23.193845+00
20730001325560,ดำเนินการ,2013-03-25,,2026-07-23 05:42:22.768186+00
20730001325586,ดำเนินการ,2015-08-25,,2026-07-26 05:48:04.755124+00
20730001325594,ดำเนินการ,2016-11-17,,2026-07-23 05:41:58.172714+00
20730001625480,ดำเนินการ,2005-12-09,,2026-07-23 05:42:48.375405+00
20730001825502,ดำเนินการ,2007-10-30,,2026-07-23 05:42:37.299699+00
20730002025532,ดำเนินการ,2010-11-15,,2026-07-26 05:48:03.862472+00
20730002125597,ดำเนินการ,2016-09-30,,2026-07-23 05:41:56.520026+00
20730002225595,ดำเนินการ,2016-10-07,,2026-07-26 05:48:04.755124+00
20730002725529,ดำเนินการ,2009-08-05,,2026-07-23 05:42:45.638926+00
20730003025473,ดำเนินการ,2004-12-17,,2026-07-23 05:42:24.974956+00
20730003025564,ดำเนินการ,2013-05-28,,2026-07-23 05:42:45.638926+00
20730003225479,ดำเนินการ,2004-12-16,,2026-07-23 05:42:41.48019+00
20730003325568,ดำเนินการ,2013-05-15,,2026-07-23 05:42:39.416213+00
20730003525548,ดำเนินการ,2011-10-17,,2026-07-23 05:42:46.295501+00
20730003625553,ดำเนินการ,2012-09-08,,2026-07-23 05:42:45.638926+00
20730003625629,ดำเนินการ,2019-01-04,,2026-08-08 05:32:08.687961+00
20730003825559,ดำเนินการ,2012-09-11,,2026-07-23 05:42:45.638926+00
20730004325617,ดำเนินการ,2018-12-21,,2026-07-23 05:42:29.213673+00
20730004825574,ดำเนินการ,2014-07-01,,2026-07-23 05:42:29.213673+00
20730004925564,ดำเนินการ,2013-10-17,,2026-07-23 05:42:44.391514+00
20730005225584,ดำเนินการ,2015-11-12,,2026-07-23 05:42:32.101881+00
20730005425572,ดำเนินการ,2014-09-29,,2026-08-08 05:31:57.178393+00
20730005525595,ดำเนินการ,2016-07-11,,2026-07-23 05:42:46.700124+00
20730005525603,ดำเนินการ,2017-09-07,,2026-07-23 05:42:44.391514+00
20730005625577,ดำเนินการ,2014-03-11,,2026-07-23 05:41:49.840678+00
20730005825557,ดำเนินการ,2012-12-20,,2026-07-23 05:42:27.93467+00
20730006125569,ดำเนินการ,2013-07-12,,2026-07-23 05:42:39.815025+00
20730006725632,ดำเนินการ,2020-01-10,,2026-07-23 05:41:46.754828+00
20730007025602,ดำเนินการ,2017-12-14,,2026-07-23 05:42:45.638926+00
20730007125477,ดำเนินการ,2004-08-24,,2026-07-23 05:42:44.391514+00
20730007225491,ดำเนินการ,2006-11-09,,2026-07-23 05:42:46.700124+00
20730007325598,ดำเนินการ,2016-09-30,,2026-07-23 05:42:46.700124+00
20730007425547,ดำเนินการ,2011-12-20,,2026-07-23 05:42:39.815025+00
20730007825548,ดำเนินการ,2011-12-20,,2026-07-23 05:42:39.815025+00
20730008525618,ดำเนินการ,2018-08-02,,2026-08-08 05:31:57.178393+00
20730008625608,ดำเนินการ,2017-04-28,,2026-08-08 05:32:12.267068+00
20730008925479,ดำเนินการ,2004-12-17,,2026-07-23 05:42:45.638926+00
20730009225606,ดำเนินการ,2017-11-13,,2026-08-08 05:32:05.67198+00
20730009425610,ดำเนินการ,2018-08-09,,2026-07-23 05:42:47.130276+00
20730009525567,ดำเนินการ,2013-04-26,,2026-08-08 05:32:00.633086+00
20730010325569,ดำเนินการ,2013-05-29,,2026-07-23 05:42:35.015877+00
20730010625638,ดำเนินการ,2020-01-15,,2026-07-23 05:41:55.701784+00
20730011125562,ดำเนินการ,2013-12-04,,2026-07-23 05:42:39.815025+00
20730011325618,ดำเนินการ,2018-10-08,,2026-07-23 05:42:40.621245+00
20730011825567,ดำเนินการ,2013-12-04,,2026-07-23 05:42:39.815025+00
20730011825625,ดำเนินการ,2019-01-15,,2026-08-08 05:32:02.121578+00
20730012825491,ดำเนินการ,2006-10-18,,2026-07-23 05:42:54.218591+00
20730013425481,ดำเนินการ,2005-10-03,,2026-07-23 05:42:54.466563+00
20730014425613,ดำเนินการ,2018-09-25,,2026-07-23 05:42:54.466563+00
20730015225475,ดำเนินการ,2004-12-17,,2026-07-23 05:42:54.466563+00
20730016825489,ดำเนินการ,2005-12-02,,2026-07-23 05:42:54.466563+00
20730017225572,ดำเนินการ,2014-12-25,,2026-07-26 05:48:41.416157+00
20730019025509,ดำเนินการ,2007-10-26,,2026-08-08 05:32:13.010296+00
20730019525607,ดำเนินการ,2017-07-27,,2026-07-26 05:47:58.828809+00
20730019725645,ดำเนินการ,2021-01-11,,2026-08-08 05:31:57.178393+00
20730024625566,ดำเนินการ,2013-10-18,,2026-07-23 05:42:54.884654+00
20730024925628,ดำเนินการ,2019-01-29,,2026-08-08 05:31:55.678826+00
20730026525632,ดำเนินการ,2020-02-11,,2026-08-08 05:31:33.445356+00
20730028725560,ดำเนินการ,2013-09-20,,2026-07-26 05:47:59.749011+00
20730028825576,ดำเนินการ,2014-11-26,,2026-07-23 05:42:54.884654+00
20730032125567,ดำเนินการ,2013-10-30,,2026-07-23 05:41:52.162011+00
20730032225565,ดำเนินการ,2013-10-30,,2026-07-26 05:47:59.749011+00
20730032425553,ดำเนินการ,2012-08-22,,2026-08-08 05:32:05.67198+00
20730041325687,ดำเนินการ,2025-02-28,,2026-07-23 05:41:49.441167+00
20730047825649,ดำเนินการ,2021-01-14,,2026-07-23 05:41:55.701784+00
20730079925630,ดำเนินการ,2020-04-21,,2026-07-26 05:48:33.705491+00
20730084525649,ดำเนินการ,2021-01-29,,2026-07-23 05:41:56.520026+00
20730100225570,ดำเนินการ,2014-05-29,,2026-07-23 05:42:19.659074+00
20730100325446,ดำเนินการ,2001-10-01,,2026-08-08 05:31:56.422245+00
20730100325453,ดำเนินการ,2002-09-23,,2026-08-08 05:31:48.761927+00
20730100325586,ดำเนินการ,2015-03-03,,2026-07-23 05:42:27.516881+00
20730100525565,ดำเนินการ,2013-07-04,,2026-07-23 05:42:24.293961+00
20730100725587,ดำเนินการ,2015-06-23,,2026-07-26 05:48:37.819138+00
20730100725595,ดำเนินการ,2016-07-22,,2026-08-08 05:32:02.121578+00
20730101025540,ดำเนินการ,2011-08-09,,2026-07-23 05:42:39.003046+00
20730101025573,หยุดดำเนินการ,2014-10-20,,2026-07-23 05:42:26.23728+00
20730101025599,ดำเนินการ,2016-05-11,,2026-07-23 05:41:55.701784+00
20730101525499,ดำเนินการ,2006-07-24,,2026-08-08 05:32:08.687961+00
20730101725560,ดำเนินการ,2013-05-07,,2026-07-23 05:42:43.969673+00
20730101925566,ดำเนินการ,2013-12-11,,2026-07-23 05:42:43.143588+00
20730102025549,ดำเนินการ,2011-04-26,,2026-07-23 05:42:39.416213+00
20730102525571,ดำเนินการ,2014-01-27,,2026-07-23 05:42:53.366391+00
20730102725551,ดำเนินการ,2012-08-08,,2026-07-23 05:42:45.638926+00
20730102725593,ดำเนินการ,2016-07-11,,2026-07-23 05:42:45.638926+00
20730103125512,ดำเนินการ,2008-06-27,,2026-07-23 05:42:26.23728+00
20730103525588,ดำเนินการ,2015-06-23,,2026-08-08 05:31:57.178393+00
20730103625610,ดำเนินการ,2018-11-30,,2026-07-26 05:48:03.862472+00
20730105625493,ดำเนินการ,2006-12-29,,2026-07-23 05:42:47.963042+00
20730106925553,ดำเนินการ,2012-12-12,,2026-07-23 05:42:39.815025+00
20730110725619,ดำเนินการ,2018-08-08,,2026-08-08 05:32:12.267068+00
20730113525669,ดำเนินการ,2023-07-18,,2026-07-23 05:42:54.218591+00
20730114725672,ดำเนินการ,2024-07-05,,2026-07-26 05:48:04.755124+00
20730131525626,ดำเนินการ,2019-05-24,,2026-07-23 05:42:46.700124+00
20730154325672,ดำเนินการ,2024-09-02,,2026-08-08 05:32:01.367326+00
20730156225656,ดำเนินการ,2022-09-12,,2026-07-23 05:42:38.154284+00
20730169525670,ดำเนินการ,2024-09-25,,2026-08-08 05:31:46.362189+00
20730186025621,ดำเนินการ,2019-07-23,,2026-07-23 05:42:45.638926+00
20730186225627,ดำเนินการ,2019-07-23,,2026-07-23 05:41:47.404325+00
20730191125630,ดำเนินการ,2020-09-28,,2026-07-23 05:41:55.701784+00
20730200125365,ดำเนินการ,1993-05-11,,2026-07-23 05:42:19.659074+00
20730200325486,ดำเนินการ,2005-09-19,,2026-07-23 05:42:41.045565+00
20730200625489,ดำเนินการ,2005-01-26,,2026-07-23 05:42:43.554032+00
20730200625604,ดำเนินการ,2017-08-03,,2026-07-23 05:42:38.154284+00
20730200925574,ดำเนินการ,2014-01-31,,2026-08-08 05:31:53.371164+00
20730202125595,ดำเนินการ,2016-07-04,,2026-07-23 05:42:39.416213+00
20730202225593,ดำเนินการ,2016-07-04,,2026-07-23 05:42:39.416213+00
20730204925638,ดำเนินการ,2020-10-05,,2026-07-23 05:42:54.466563+00
20730206425678,ดำเนินการ,2024-11-07,,2026-07-26 05:48:03.862472+00
20730208825685,ดำเนินการ,2025-11-19,,2026-07-23 05:42:37.299699+00
20730276525639,ดำเนินการ,2020-12-09,,2026-08-08 05:31:47.118108+00
20730279025629,ดำเนินการ,2019-10-28,,2026-07-23 05:42:39.416213+00
20730293025621,ดำเนินการ,2019-11-13,,2026-07-23 05:41:51.096006+00
20730300125364,ดำเนินการ,1993-07-12,,2026-07-26 05:48:31.411654+00
20730300125372,ดำเนินการ,1994-03-17,,2026-07-23 05:42:23.896405+00
20730300125448,ดำเนินการ,2001-03-20,,2026-07-23 05:42:21.71578+00
20730300825575,ดำเนินการ,2014-01-31,,2026-08-08 05:31:53.371164+00
20730300825617,ดำเนินการ,2018-05-24,,2026-08-08 05:32:13.010296+00
20730316225646,ดำเนินการ,2021-06-01,,2026-07-23 05:41:55.701784+00
20730343825640,ดำเนินการ,2021-06-18,,2026-08-08 05:31:47.118108+00
20730384825640,หยุดดำเนินการ,2021-07-30,,2026-07-23 05:42:46.295501+00
20730387725649,ดำเนินการ,2021-08-03,,2026-07-23 05:42:20.865457+00
20730400125470,ดำเนินการ,2004-02-27,,2026-07-23 05:42:54.884654+00
20730400225437,ดำเนินการ,2000-02-24,,2026-07-23 05:42:43.554032+00
20730400525570,ดำเนินการ,2014-02-17,,2026-07-23 05:42:43.143588+00
20730406825644,ดำเนินการ,2021-08-23,,2026-07-23 05:42:54.466563+00
20730439625649,ดำเนินการ,2021-09-29,,2026-07-23 05:41:51.096006+00
20730500125354,ดำเนินการ,1993-09-09,,2026-07-23 05:42:41.882007+00
20730500125362,ดำเนินการ,1993-09-15,,2026-07-23 05:42:32.101881+00
20730500125420,ดำเนินการ,1999-09-07,,2026-07-26 05:48:35.565762+00
20730500125560,ดำเนินการ,2013-02-28,,2026-07-23 05:42:40.621245+00
20730500125610,ดำเนินการ,2018-01-15,,2026-07-23 05:42:25.823035+00
20730500225618,ดำเนินการ,2018-08-02,,2026-07-23 05:42:30.851717+00
20730500425564,ดำเนินการ,2013-08-15,,2026-07-23 05:42:40.221233+00
20730500525470,ดำเนินการ,2004-03-11,,2026-07-23 05:42:55.739868+00
20730500825490,ดำเนินการ,2006-12-12,,2026-08-08 05:32:09.449844+00
20730501325649,ดำเนินการ,2021-12-29,,2026-07-26 05:48:04.755124+00
20730600125452,ดำเนินการ,2002-02-20,,2026-07-23 05:42:22.122486+00
20730600125486,ดำเนินการ,2005-11-03,,2026-07-23 05:42:44.813572+00
20730600125569,ดำเนินการ,2013-12-25,,2026-07-23 05:42:41.045565+00
20730600225567,ดำเนินการ,2013-05-07,,2026-07-23 05:42:40.621245+00
20730700125436,ดำเนินการ,2000-12-04,,2026-07-23 05:42:23.193845+00
20730700125576,ดำเนินการ,2014-01-22,,2026-07-23 05:42:24.974956+00
20730800325472,ดำเนินการ,2004-05-18,,2026-08-08 05:31:54.101157+00
20730800325571,ดำเนินการ,2014-11-24,,2026-07-23 05:42:55.303368+00
20730900125582,ดำเนินการ,2015-01-29,,2026-08-08 05:32:09.449844+00
20731100125372,ดำเนินการ,1994-11-28,,2026-07-23 05:42:37.299699+00
20731100125406,ดำเนินการ,1997-09-05,,2026-07-23 05:42:40.221233+00
20731500125469,ได้รับใบอนุญาต,2003-12-29,,2026-07-23 05:42:39.003046+00
20732000125447,ดำเนินการ,2001-05-24,,2026-08-08 05:32:03.6191+00
20732300125469,ดำเนินการ,2003-07-01,,2026-07-23 05:42:47.963042+00
20740000825361,ดำเนินการ,1993-10-14,,2026-07-23 05:42:45.23089+00
20740089425687,ได้รับใบอนุญาต,2025-05-23,,2026-07-23 05:42:46.295501+00
20740141825650,ได้รับใบอนุญาต,2022-08-23,,2026-08-08 05:31:44.89812+00
20740167425666,ดำเนินการ,2023-10-05,,2026-08-08 05:32:08.687961+00
20740306725620,ดำเนินการ,2019-11-28,,2026-07-23 05:42:55.739868+00
20742100225435,ดำเนินการ,2000-09-20,,2026-08-08 05:32:10.014101+00
20800000225606,ดำเนินการ,2017-11-10,,2026-07-26 05:48:04.755124+00
20800004125554,ดำเนินการ,2012-08-28,,2026-07-23 05:42:32.101881+00
20800023625550,ได้รับใบอนุญาต,2012-10-24,,2026-07-23 05:41:51.737823+00
20800024925553,ได้รับใบอนุญาต,2012-11-05,,2026-07-23 05:41:51.737823+00
20800027225480,ดำเนินการ,2005-10-11,,2026-07-23 05:42:30.420638+00
20800031525578,ได้รับใบอนุญาต,2014-10-03,,2026-07-23 05:41:52.162011+00
20800077925674,ดำเนินการ,2024-05-13,,2026-07-23 05:42:53.769487+00
20800200925609,ดำเนินการ,2017-04-07,,2026-07-23 05:42:31.69519+00
20800348625640,ดำเนินการ,2021-06-23,,2026-07-23 05:42:54.466563+00
20810000325496,ดำเนินการ,2006-01-04,,2026-08-08 05:32:00.633086+00
20810000425452,ดำเนินการ,2002-11-19,,2026-07-26 05:47:55.609022+00
20810000625580,หยุดดำเนินการ,2015-03-09,,2026-07-23 05:42:23.896405+00
20810001025434,ดำเนินการ,2000-09-11,,2026-07-23 05:42:42.297023+00
20810001025459,ดำเนินการ,2002-11-19,,2026-07-26 05:47:55.609022+00
20810001125572,ได้รับใบอนุญาต,2014-12-18,,2026-07-26 05:48:34.653769+00
20810001425485,ดำเนินการ,2005-06-21,,2026-07-23 05:42:37.299699+00
20810001525433,ดำเนินการ,2000-09-12,,2026-07-23 05:42:42.69598+00
20810001725439,ดำเนินการ,2000-09-12,,2026-07-23 05:42:42.69598+00
20810004525570,ดำเนินการ,2014-11-21,,2026-07-23 05:42:41.48019+00
20810005625593,ดำเนินการ,2016-08-03,,2026-07-23 05:42:41.48019+00
20810007325580,ได้รับใบอนุญาต,2015-04-23,,2026-07-23 05:42:53.769487+00
20810010825493,ดำเนินการ,2006-09-06,,2026-07-23 05:42:54.218591+00
20810014825598,ดำเนินการ,2016-05-19,,2026-07-23 05:41:51.096006+00
20810018325611,ดำเนินการ,2018-08-28,,2026-07-23 05:41:51.335507+00
20810019625589,ดำเนินการ,2015-07-01,,2026-07-26 05:47:58.828809+00
20810028725503,ดำเนินการ,2007-08-15,,2026-07-23 05:41:52.162011+00
20810153425630,ดำเนินการ,2020-08-11,,2026-07-23 05:41:51.096006+00
20810201925649,ดำเนินการ,2021-03-08,,2026-08-08 05:31:59.892965+00
20810369425648,ดำเนินการ,2021-07-09,,2026-08-08 05:31:30.887358+00
20840000125398,ดำเนินการ,1996-02-14,,2026-07-23 05:42:52.112907+00
20840001525596,ดำเนินการ,2016-03-21,,2026-07-23 05:42:30.420638+00
20840001825558,หยุดดำเนินการ,2012-11-02,,2026-07-26 05:48:05.648267+00
20840002925563,ดำเนินการ,2013-06-06,,2026-07-23 05:42:22.768186+00
20840005225532,ดำเนินการ,2010-04-19,,2026-07-23 05:42:53.769487+00
20840009025540,ดำเนินการ,2011-07-11,,2026-07-23 05:42:54.218591+00
20840010525603,ดำเนินการ,2017-05-31,,2026-08-08 05:32:12.267068+00
20840012625617,ดำเนินการ,2018-06-13,,2026-07-26 05:47:57.915242+00
20840019925598,ดำเนินการ,2016-09-26,,2026-07-23 05:42:54.466563+00
20840021825497,ดำเนินการ,2006-05-22,,2026-07-26 05:47:58.828809+00
20840027925689,ดำเนินการ,2025-02-05,,2026-08-08 05:32:00.633086+00
20840049425676,ดำเนินการ,2024-03-21,,2026-07-23 05:42:53.769487+00
20840087025636,ดำเนินการ,2020-04-29,,2026-08-08 05:31:30.887358+00
20840200125446,ดำเนินการ,2001-03-05,,2026-07-23 05:42:52.545005+00
20840200325665,ดำเนินการ,2023-11-27,,2026-07-23 05:42:23.896405+00
20840204325687,ดำเนินการ,2025-11-12,,2026-07-23 05:42:54.884654+00
20840281925649,ดำเนินการ,2021-04-27,,2026-07-23 05:42:54.218591+00
20840329625649,ดำเนินการ,2021-06-14,,2026-07-26 05:47:56.971016+00
20850000425466,ดำเนินการ,2003-10-15,,2026-07-23 05:41:49.047343+00
20850000925598,ดำเนินการ,2016-09-05,,2026-07-23 05:41:56.92549+00
20850004525527,ดำเนินการ,2009-03-13,,2026-07-26 05:47:56.047423+00
20850004625616,ดำเนินการ,2018-03-14,,2026-07-23 05:41:49.840678+00
20850005225523,ดำเนินการ,2009-03-25,,2026-07-26 05:47:56.502553+00
20850005325596,ดำเนินการ,2016-03-02,,2026-07-23 05:41:49.840678+00
20850006525509,ดำเนินการ,2007-02-27,,2026-07-26 05:47:56.502553+00
20850006825495,ดำเนินการ,2006-02-14,,2026-07-23 05:41:49.840678+00
20850006925493,ดำเนินการ,2006-02-14,,2026-07-26 05:47:56.502553+00
20850007225612,ดำเนินการ,2018-04-05,,2026-07-23 05:41:49.840678+00
20850008725610,ดำเนินการ,2018-05-01,,2026-07-23 05:41:50.28017+00
20850011825613,ดำเนินการ,2018-05-30,,2026-07-26 05:47:57.915242+00
20850013425545,ดำเนินการ,2011-08-08,,2026-07-23 05:41:50.703475+00
20850014825602,ดำเนินการ,2017-06-13,,2026-07-26 05:47:57.915242+00
20850017125570,ดำเนินการ,2014-07-25,,2026-07-23 05:41:51.096006+00
20850017525670,ดำเนินการ,2024-02-05,,2026-07-23 05:41:49.441167+00
20850020925677,ดำเนินการ,2024-02-13,,2026-07-26 05:47:56.047423+00
20850023425667,ดำเนินการ,2023-02-14,,2026-07-23 05:41:49.441167+00
20850024025508,ดำเนินการ,2007-07-05,,2026-07-26 05:47:59.299456+00
20850027925654,ดำเนินการ,2022-02-17,,2026-07-26 05:47:56.047423+00
20850029825498,ดำเนินการ,2006-07-31,,2026-07-26 05:47:59.749011+00
20850033425673,ดำเนินการ,2024-03-01,,2026-07-26 05:47:56.047423+00
20850042425672,ดำเนินการ,2024-03-13,,2026-07-23 05:41:49.441167+00
20850045325499,ดำเนินการ,2006-11-08,,2026-07-26 05:48:00.19715+00
20850078425679,ดำเนินการ,2024-05-14,,2026-07-26 05:47:56.971016+00
20850078725672,ดำเนินการ,2024-05-14,,2026-07-23 05:41:50.28017+00
20850082425632,ดำเนินการ,2020-04-23,,2026-07-26 05:47:56.502553+00
20850082525639,ดำเนินการ,2020-04-23,,2026-07-23 05:41:50.28017+00
20850085825630,ดำเนินการ,2020-04-28,,2026-07-23 05:41:50.28017+00
20850095025627,ดำเนินการ,2019-04-11,,2026-07-26 05:47:56.502553+00
20850116825625,ดำเนินการ,2019-05-07,,2026-07-23 05:41:49.840678+00
20850122125671,ดำเนินการ,2024-07-17,,2026-08-08 05:31:30.887358+00
20850127325656,ดำเนินการ,2022-07-27,,2026-07-23 05:41:50.703475+00
20850135225625,ดำเนินการ,2019-05-28,,2026-07-26 05:47:56.971016+00
20850162725679,ดำเนินการ,2024-09-11,,2026-07-23 05:41:50.703475+00
20850175325632,ดำเนินการ,2020-09-14,,2026-07-26 05:47:58.364711+00
20850175625635,ดำเนินการ,2020-09-14,,2026-08-08 05:31:30.887358+00
20850179325620,ดำเนินการ,2019-07-12,,2026-07-23 05:41:50.28017+00
20850183025679,ดำเนินการ,2024-10-02,,2026-07-26 05:47:58.364711+00
20850212325637,ได้รับใบอนุญาต,2020-10-20,,2026-07-23 05:41:51.335507+00
20850283825648,ดำเนินการ,2021-04-28,,2026-07-26 05:47:56.502553+00
20850379725645,ดำเนินการ,2021-07-21,,2026-07-23 05:41:50.703475+00
20900000125580,ดำเนินการ,2015-07-24,,2026-07-26 05:48:33.705491+00
20900000225422,ดำเนินการ,1999-12-08,,2026-07-26 05:48:27.98456+00
20900000225463,ดำเนินการ,2003-07-29,,2026-07-23 05:41:56.520026+00
20900000425469,ดำเนินการ,2003-02-03,,2026-07-26 05:47:55.609022+00
20900000525524,ดำเนินการ,2009-11-05,,2026-07-26 05:48:05.202268+00
20900000525532,ดำเนินการ,2010-01-06,,2026-07-23 05:41:49.047343+00
20900000525565,หยุดดำเนินการ,2013-01-14,,2026-07-26 05:48:28.253585+00
20900000925450,ดำเนินการ,2002-09-26,,2026-07-26 05:48:02.000088+00
20900002525597,ดำเนินการ,2016-02-04,,2026-07-23 05:41:49.441167+00
20900003125504,ดำเนินการ,2007-12-25,,2026-07-23 05:42:41.48019+00
20900003125603,ดำเนินการ,2017-07-19,,2026-07-23 05:42:29.213673+00
20900003725568,ดำเนินการ,2013-06-20,,2026-07-23 05:41:55.050347+00
20900003725576,ดำเนินการ,2014-08-04,,2026-07-26 05:48:02.923342+00
20900005525552,ดำเนินการ,2012-03-19,,2026-07-26 05:47:56.502553+00
20900005925604,ดำเนินการ,2017-12-13,,2026-07-23 05:42:41.48019+00
20900006525619,ดำเนินการ,2018-09-25,,2026-07-23 05:41:55.467453+00
20900007725614,ดำเนินการ,2018-04-17,,2026-07-26 05:47:56.502553+00
20900007925602,หยุดดำเนินการ,2017-03-24,,2026-07-23 05:41:50.28017+00
20900008925593,ดำเนินการ,2016-10-26,,2026-07-26 05:48:33.248333+00
20900010325600,ดำเนินการ,2017-04-21,,2026-07-26 05:47:56.971016+00
20900011225593,ดำเนินการ,2016-04-12,,2026-07-23 05:41:50.28017+00
20900011825566,ดำเนินการ,2013-04-19,,2026-07-26 05:47:57.915242+00
20900012625551,หยุดดำเนินการ,2012-06-27,,2026-07-23 05:41:50.703475+00
20900012825581,ดำเนินการ,2015-04-24,,2026-07-26 05:47:57.915242+00
20900012925613,ดำเนินการ,2018-10-09,,2026-07-23 05:41:51.737823+00
20900013025611,ดำเนินการ,2018-10-09,,2026-07-26 05:47:59.299456+00
20900013125593,ดำเนินการ,2016-04-28,,2026-07-23 05:41:50.703475+00
20900015825547,ดำเนินการ,2011-09-22,,2026-07-26 05:47:58.364711+00
20900016725506,ดำเนินการ,2007-04-30,,2026-07-26 05:47:58.364711+00
20900018925559,ดำเนินการ,2012-12-21,,2026-07-23 05:42:54.466563+00
20900019425583,ดำเนินการ,2015-12-08,,2026-07-23 05:42:35.820796+00
20900081825637,ดำเนินการ,2020-04-23,,2026-07-26 05:47:56.502553+00
20900100125415,ดำเนินการ,1998-01-13,,2026-07-23 05:42:22.363881+00
20920000325568,ดำเนินการ,2013-04-18,,2026-08-08 05:31:54.890278+00
20920000325600,ดำเนินการ,2017-01-24,,2026-07-23 05:42:42.297023+00
20920000525530,ดำเนินการ,2010-04-05,,2026-08-08 05:31:54.890278+00
20920000725577,ได้รับใบอนุญาต,2014-05-29,,2026-08-08 05:31:54.890278+00
20920000925565,ดำเนินการ,2013-04-23,,2026-08-08 05:31:54.890278+00
20920001225536,ดำเนินการ,2010-08-02,,2026-07-23 05:42:42.69598+00
20920001525547,ดำเนินการ,2011-04-27,,2026-08-08 05:31:54.890278+00
20920002025521,ดำเนินการ,2009-07-27,,2026-07-23 05:42:42.69598+00
20920002225576,ดำเนินการ,2014-08-15,,2026-08-08 05:31:55.678826+00
20920002525496,ดำเนินการ,2006-02-22,,2026-07-23 05:42:53.366391+00
20920002525595,ดำเนินการ,2016-09-14,,2026-08-08 05:31:55.678826+00
20920002825524,ดำเนินการ,2009-09-11,,2026-07-23 05:42:42.69598+00
20920002925555,ดำเนินการ,2012-11-22,,2026-07-23 05:42:42.69598+00
20920003225609,ดำเนินการ,2017-08-22,,2026-08-08 05:31:55.678826+00
20920003425548,ดำเนินการ,2011-11-03,,2026-08-08 05:31:55.678826+00
20920006225606,ดำเนินการ,2017-03-09,,2026-07-23 05:41:49.840678+00
20920009425534,ดำเนินการ,2010-05-11,,2026-07-23 05:41:50.28017+00
20920021725663,ดำเนินการ,2023-02-13,,2026-07-23 05:42:53.366391+00
20920021825604,ดำเนินการ,2017-09-11,,2026-07-26 05:47:58.828809+00
20920031125656,ดำเนินการ,2022-02-22,,2026-07-23 05:42:53.366391+00
20920047825661,ดำเนินการ,2023-03-23,,2026-07-23 05:41:49.840678+00
20920054125617,ได้รับใบอนุญาต,2018-08-21,,2026-07-23 05:42:42.69598+00
20920100325385,ดำเนินการ,1995-03-29,,2026-07-23 05:42:52.948259+00
20920196025659,ดำเนินการ,2022-11-11,,2026-07-26 05:47:58.828809+00
20920216525654,ได้รับใบอนุญาต,2022-12-15,,2026-07-23 05:42:54.884654+00
20930000225403,ดำเนินการ,1997-04-24,,2026-07-23 05:41:53.817231+00
20930000525380,ดำเนินการ,1995-10-16,,2026-07-23 05:41:54.242742+00
20930006425676,ดำเนินการ,2024-01-12,,2026-07-23 05:41:49.047343+00
20930014025500,ดำเนินการ,2007-04-04,,2026-07-23 05:41:50.703475+00
20930058225628,ดำเนินการ,2019-02-28,,2026-07-26 05:47:56.047423+00
20930072425675,ดำเนินการ,2024-05-01,,2026-07-23 05:41:49.840678+00
20930076825631,ดำเนินการ,2020-04-16,,2026-07-26 05:47:56.502553+00
20930077025637,ดำเนินการ,2020-04-16,,2026-07-23 05:41:49.840678+00
20930102025586,ดำเนินการ,2015-02-02,,2026-07-23 05:42:53.366391+00
20930131425633,ดำเนินการ,2020-07-01,,2026-07-26 05:47:57.915242+00
20930142425630,ดำเนินการ,2020-07-22,,2026-07-26 05:47:57.915242+00
20930225425655,ดำเนินการ,2022-12-19,,2026-07-23 05:41:51.737823+00
20930225825656,ดำเนินการ,2022-12-19,,2026-07-26 05:47:59.299456+00
20930266125644,ดำเนินการ,2021-04-08,,2026-07-23 05:41:49.840678+00
20930485325645,ดำเนินการ,2021-12-03,,2026-07-23 05:41:51.335507+00
20940002225608,ดำเนินการ,2017-02-03,,2026-07-23 05:42:53.366391+00
20940067025687,ได้รับใบอนุญาต,2025-04-11,,2026-07-23 05:41:54.648334+00
30710074425636,ดำเนินการ,2020-04-10,,2026-08-08 05:32:13.747654+00
30810000325411,หยุดดำเนินการ,1998-12-11,,2026-08-08 05:32:13.747654+00
40100038625695,ได้รับใบอนุญาต,2025-12-26,,2026-07-26 05:47:39.555668+00
40100038725693,ได้รับใบอนุญาต,2025-12-26,,2026-07-23 05:41:34.611496+00
40100047425665,ได้รับใบอนุญาต,2023-03-22,,2026-07-26 05:47:39.555668+00
40120014325565,ดำเนินการ,2013-11-12,,2026-07-26 05:47:40.002653+00
40130112825697,ได้รับใบอนุญาต,2026-05-14,,2026-07-23 05:41:34.611496+00
40130174625670,ดำเนินการ,2024-09-26,,2026-07-23 05:41:34.611496+00
40210102925655,ดำเนินการ,2022-06-08,,2026-07-26 05:47:39.555668+00
40210107525674,ดำเนินการ,2024-06-12,,2026-07-23 05:41:34.611496+00
40240090725684,ดำเนินการ,2025-05-23,,2026-07-26 05:47:39.555668+00
40300011125560,ดำเนินการ,2013-09-19,,2026-07-23 05:41:35.036181+00
40300128125677,ดำเนินการ,2024-07-26,,2026-07-23 05:41:34.611496+00
40360007625569,ดำเนินการ,2013-07-05,,2026-07-26 05:47:39.555668+00
40360010025567,ดำเนินการ,2013-09-03,,2026-07-23 05:41:34.611496+00
40360010225563,ดำเนินการ,2013-09-03,,2026-07-26 05:47:39.555668+00
40360014525562,ดำเนินการ,2013-11-12,,2026-07-23 05:41:34.611496+00
40430005825576,ดำเนินการ,2014-07-08,,2026-07-26 05:47:39.555668+00
40430038225695,ได้รับใบอนุญาต,2026-02-19,,2026-07-23 05:41:34.611496+00
40430075825662,ดำเนินการ,2023-05-12,,2026-08-08 05:31:23.358051+00
40660000625569,ดำเนินการ,2013-02-26,,2026-07-23 05:41:34.200836+00
40710002225601,ดำเนินการ,2017-09-08,,2026-07-26 05:47:40.002653+00
40710003025570,ดำเนินการ,2014-04-11,,2026-07-23 05:41:34.611496+00
40710003425572,ดำเนินการ,2014-04-24,,2026-07-23 05:41:34.611496+00
40710014225565,ดำเนินการ,2013-11-12,,2026-07-23 05:41:35.036181+00
40710181725629,ดำเนินการ,2019-07-19,,2026-07-26 05:47:39.555668+00
40720004325580,ดำเนินการ,2015-12-09,,2026-07-26 05:47:40.002653+00
40720007825693,ได้รับใบอนุญาต,2026-01-16,,2026-07-26 05:47:39.093037+00
40720007925691,ได้รับใบอนุญาต,2026-01-16,,2026-07-23 05:41:34.200836+00
40720008025699,ได้รับใบอนุญาต,2026-01-16,,2026-07-26 05:47:39.093037+00
40720016125697,ได้รับใบอนุญาต,2026-01-21,,2026-07-23 05:41:34.611496+00
40720178125626,ได้รับใบอนุญาต,2019-07-12,,2026-07-23 05:41:34.611496+00
40730009525597,ดำเนินการ,2016-12-08,,2026-07-23 05:41:34.611496+00
40730012425595,ดำเนินการ,2016-12-22,,2026-08-08 05:31:23.358051+00
40800022125681,ดำเนินการ,2025-02-03,,2026-07-26 05:47:39.093037+00
40800022225689,ดำเนินการ,2025-02-03,,2026-07-23 05:41:34.611496+00
40800176225675,ดำเนินการ,2024-09-28,,2026-07-26 05:47:39.555668+00
40800176325673,ดำเนินการ,2024-09-28,,2026-07-23 05:41:34.611496+00
40800176425671,ดำเนินการ,2024-09-28,,2026-07-26 05:47:39.555668+00
40800176525678,ดำเนินการ,2024-09-28,,2026-07-23 05:41:34.611496+00
40810013425560,ดำเนินการ,2013-10-10,,2026-07-23 05:41:35.036181+00
40840147225636,ดำเนินการ,2020-08-03,,2026-07-26 05:47:39.555668+00
40900209225682,ได้รับใบอนุญาต,2025-11-18,,2026-07-26 05:47:39.555668+00
40920002225614,ดำเนินการ,2018-06-25,,2026-08-08 05:31:23.358051+00
40920120025672,ได้รับใบอนุญาต,2024-07-09,,2026-07-26 05:47:39.555668+00
40940015325565,ดำเนินการ,2013-11-18,,2026-08-07 03:28:25.396554+00
82020500125397,ดำเนินการ,,,2026-07-23 05:40:14.142594+00
82020700125510,ดำเนินการ,,,2026-08-03 05:57:21.793694+00
91060000125389,ดำเนินการ,2008-01-04,,2026-07-26 05:47:51.635719+00
91060000125397,ดำเนินการ,2004-02-29,,2026-07-23 05:41:45.496184+00
91060000125413,ดำเนินการ,2008-01-04,,2026-07-26 05:47:51.635719+00
91060000125454,ดำเนินการ,2002-03-28,,2026-07-26 05:47:51.635719+00
91060000125579,ดำเนินการ,2014-10-29,,2026-07-26 05:47:52.544559+00
91060000325401,ดำเนินการ,2008-01-04,,2026-07-26 05:47:52.090872+00
91060000525471,ดำเนินการ,2004-11-24,,2026-07-26 05:47:51.635719+00
91060000925564,ดำเนินการ,2013-02-15,,2026-07-23 05:41:46.346256+00
91060001625494,ดำเนินการ,2006-10-31,,2026-07-23 05:41:46.346256+00
91060002125577,ดำเนินการ,2014-04-22,,2026-07-26 05:47:51.635719+00
91060002725582,ดำเนินการ,2015-09-30,,2026-07-23 05:41:45.890373+00
91060004425520,ดำเนินการ,2009-11-25,,2026-07-23 05:41:45.496184+00
91060083325625,หยุดดำเนินการ,2019-03-29,,2026-07-26 05:47:52.544559+00
91060200125387,ดำเนินการ,1998-09-11,,2026-07-23 05:41:46.346256+00
91090000125337,ดำเนินการ,2007-11-29,,2026-07-23 05:41:45.496184+00
91090000225418,ดำเนินการ,2007-11-29,,2026-07-26 05:47:51.635719+00
91090000725615,ดำเนินการ,2018-12-03,,2026-07-23 05:41:45.890373+00
91090000925579,ดำเนินการ,2014-02-25,,2026-07-26 05:47:52.544559+00
91090200125418,ดำเนินการ,2007-11-29,,2026-07-26 05:47:51.635719+00
91150000125438,ดำเนินการ,2007-11-29,,2026-07-26 05:47:52.544559+00
91150000725617,ดำเนินการ,2018-03-26,,2026-07-26 05:47:52.090872+00
91150028825670,ดำเนินการ,2024-02-22,,2026-07-23 05:41:45.496184+00
91150030325628,ดำเนินการ,2019-02-04,,2026-07-26 05:47:51.635719+00
91220000125389,ดำเนินการ,2007-11-29,,2026-07-23 05:41:45.496184+00
91220000125454,ดำเนินการ,2007-11-29,,2026-07-26 05:47:51.635719+00
91220002625568,ดำเนินการ,2013-04-10,,2026-07-23 05:41:46.346256+00
91220029025677,ดำเนินการ,2024-02-22,,2026-07-23 05:41:45.095869+00
91220290025646,ดำเนินการ,2021-05-03,,2026-07-23 05:41:45.496184+00
91360000325405,ดำเนินการ,2008-01-04,,2026-07-23 05:41:46.346256+00
91360001025525,ดำเนินการ,2009-07-02,,2026-07-23 05:41:45.496184+00
91360001225471,ดำเนินการ,2004-11-26,,2026-07-23 05:41:45.496184+00
91360001625605,ดำเนินการ,2017-11-24,,2026-07-23 05:41:45.095869+00
91360100125432,ดำเนินการ,2000-06-29,,2026-07-23 05:41:46.346256+00
91590035625672,ดำเนินการ,2024-02-01,,2026-08-07 03:28:36.036067+00
91610005525577,ดำเนินการ,2014-08-21,,2026-07-23 05:41:46.346256+00
